Campaign name,Ad set name,Ad name,Age,Gender,Objective,Day,Reach,Impressions,Frequency,Amount spent (INR),Result Type,Results,Cost per result,Clicks (all),CPC (all),CTR (all),Link clicks,CPC (cost per link click),"CPM (cost per 1,000 impressions)",Post engagement,Reporting starts,Reporting ends
,,,,,,,24931,48928,1.9625366010188,23298.32,,,,584,39.89438356,1.19359058,278,83.80690647,476.17560497,,2021-12-01,2021-12-31
AskJuno-LG-11-Dec-21-New,AskJuno-3-Loc-Industry-02-Dec-21,AskJuno-TN-Image-16-Dec-21-English,55-64,male,LEAD_GENERATION,2021-12-22,44,53,1.2045454545455,35.36,,,,0,,0,,,667.16981132,,2021-12-22,2021-12-22
AskJuno-LG-11-Dec-21-New,AskJuno-3-Loc-Industry-02-Dec-21,AskJuno-TN-Image-16-Dec-21-English,45-54,unknown,LEAD_GENERATION,2021-12-22,1,1,1,0.19,,,,0,,0,,,190,,2021-12-22,2021-12-22
AskJuno-LG-11-Dec-21-New,AskJuno-3-Loc-Industry-02-Dec-21,AskJuno-TN-Image-16-Dec-21-English,35-44,female,LEAD_GENERATION,2021-12-22,19,23,1.2105263157895,60.7,,,,1,60.7,4.34782609,,,2639.13043478,,2021-12-22,2021-12-22
AskJuno-LG-11-Dec-21-New,AskJuno-3-Loc-Industry-02-Dec-21,AskJuno-TN-Image-16-Dec-21-English,25-34,female,LEAD_GENERATION,2021-12-22,53,55,1.0377358490566,38.87,,,,0,,0,,,706.72727273,1,2021-12-22,2021-12-22
AskJuno-LG-11-Dec-21-New,AskJuno-3-Loc-Industry-02-Dec-21,AskJuno-TN-Image-16-Dec-21-English,45-54,male,LEAD_GENERATION,2021-12-22,114,142,1.2456140350877,126.22,,,,1,126.22,0.70422535,,,888.87323944,,2021-12-22,2021-12-22
AskJuno-LG-11-Dec-21-New,AskJuno-3-Loc-Industry-02-Dec-21,AskJuno-TN-Image-16-Dec-21-English,35-44,unknown,LEAD_GENERATION,2021-12-22,1,1,1,4.23,,,,0,,0,,,4230,,2021-12-22,2021-12-22
AskJuno-LG-11-Dec-21-New,AskJuno-3-Loc-Industry-02-Dec-21,AskJuno-TN-Image-16-Dec-21-English,35-44,male,LEAD_GENERATION,2021-12-22,283,351,1.2402826855124,231.28,,,,3,77.09333333,0.85470085,2,115.64,658.91737892,2,2021-12-22,2021-12-22
AskJuno-LG-11-Dec-21-New,AskJuno-3-Loc-Industry-02-Dec-21,AskJuno-TN-Image-16-Dec-21-English,25-34,male,LEAD_GENERATION,2021-12-22,529,625,1.1814744801512,415.56,,,,6,69.26,0.96,2,207.78,664.896,2,2021-12-22,2021-12-22
AskJuno-LG-11-Dec-21-New,AskJuno-3-Loc-Industry-02-Dec-21,AskJuno-TN-Image-16-Dec-21-English,65+,male,LEAD_GENERATION,2021-12-22,54,68,1.2592592592593,28.4,,,,2,14.2,2.94117647,2,14.2,417.64705882,2,2021-12-22,2021-12-22
AskJuno-LG-11-Dec-21-New,AskJuno-3-Loc-Industry-02-Dec-21,AskJuno-TN-Image-16-Dec-21-English,45-54,female,LEAD_GENERATION,2021-12-22,11,12,1.0909090909091,15.85,,,,0,,0,,,1320.83333333,,2021-12-22,2021-12-22
AskJuno-LG-11-Dec-21-New,AskJuno-3-Loc-Industry-02-Dec-21,AskJuno-TN-Image-16-Dec-21-English,25-34,unknown,LEAD_GENERATION,2021-12-22,4,4,1,8.07,,,,0,,0,,,2017.5,,2021-12-22,2021-12-22
AskJuno-LG-11-Dec-21-New,AskJuno-3-Loc-Industry-02-Dec-21,AskJuno-TN-Image-16-Dec-21-English,65+,female,LEAD_GENERATION,2021-12-22,2,2,1,0.74,,,,0,,0,,,370,,2021-12-22,2021-12-22
AskJuno-LG-11-Dec-21-New,AskJuno-3-Loc-Industry-02-Dec-21,AskJuno-TN-Image-16-Dec-21-English,55-64,female,LEAD_GENERATION,2021-12-22,1,1,1,0.27,,,,0,,0,,,270,,2021-12-22,2021-12-22
AskJuno-LG-11-Dec-21-New,AskJuno-3-Loc-Industry-02-Dec-21,AskJuno-TN-Image-16-Dec-21-English,45-54,unknown,LEAD_GENERATION,2021-12-21,2,2,1,0.48,,,,0,,0,,,240,,2021-12-21,2021-12-21
AskJuno-LG-11-Dec-21-New,AskJuno-3-Loc-Industry-02-Dec-21,AskJuno-TN-Image-16-Dec-21-English,65+,female,LEAD_GENERATION,2021-12-21,6,10,1.6666666666667,2.12,,,,0,,0,,,212,,2021-12-21,2021-12-21
AskJuno-LG-11-Dec-21-New,AskJuno-3-Loc-Industry-02-Dec-21,AskJuno-TN-Image-16-Dec-21-English,55-64,unknown,LEAD_GENERATION,2021-12-21,1,1,1,0.27,,,,0,,0,,,270,,2021-12-21,2021-12-21
AskJuno-LG-11-Dec-21-New,AskJuno-3-Loc-Industry-02-Dec-21,AskJuno-TN-Image-16-Dec-21-English,35-44,female,LEAD_GENERATION,2021-12-21,36,49,1.3611111111111,68.88,,,,0,,0,,,1405.71428571,,2021-12-21,2021-12-21
AskJuno-LG-11-Dec-21-New,AskJuno-3-Loc-Industry-02-Dec-21,AskJuno-TN-Image-16-Dec-21-English,25-34,unknown,LEAD_GENERATION,2021-12-21,3,3,1,1.6,,,,0,,0,,,533.33333333,,2021-12-21,2021-12-21
AskJuno-LG-11-Dec-21-New,AskJuno-3-Loc-Industry-02-Dec-21,AskJuno-TN-Image-16-Dec-21-English,25-34,male,LEAD_GENERATION,2021-12-21,799,1049,1.3128911138924,914.21,On-Facebook leads,3,304.73666666667,11,83.11,1.04861773,5,182.842,871.50619638,5,2021-12-21,2021-12-21
AskJuno-LG-11-Dec-21-New,AskJuno-3-Loc-Industry-02-Dec-21,AskJuno-TN-Image-16-Dec-21-English,55-64,female,LEAD_GENERATION,2021-12-21,4,4,1,2.3,,,,0,,0,,,575,,2021-12-21,2021-12-21
AskJuno-LG-11-Dec-21-New,AskJuno-3-Loc-Industry-02-Dec-21,AskJuno-TN-Image-16-Dec-21-English,35-44,male,LEAD_GENERATION,2021-12-21,444,551,1.240990990991,393.76,,,,10,39.376,1.81488203,6,65.62666667,714.62794918,7,2021-12-21,2021-12-21
AskJuno-LG-11-Dec-21-New,AskJuno-3-Loc-Industry-02-Dec-21,AskJuno-TN-Image-16-Dec-21-English,45-54,male,LEAD_GENERATION,2021-12-21,164,206,1.2560975609756,163.85,,,,2,81.925,0.97087379,2,81.925,795.38834951,2,2021-12-21,2021-12-21
AskJuno-LG-11-Dec-21-New,AskJuno-3-Loc-Industry-02-Dec-21,AskJuno-TN-Image-16-Dec-21-English,25-34,female,LEAD_GENERATION,2021-12-21,78,93,1.1923076923077,66.81,,,,1,66.81,1.07526882,1,66.81,718.38709677,1,2021-12-21,2021-12-21
AskJuno-LG-11-Dec-21-New,AskJuno-3-Loc-Industry-02-Dec-21,AskJuno-TN-Image-16-Dec-21-English,35-44,unknown,LEAD_GENERATION,2021-12-21,1,1,1,0.23,,,,0,,0,,,230,,2021-12-21,2021-12-21
AskJuno-LG-11-Dec-21-New,AskJuno-3-Loc-Industry-02-Dec-21,AskJuno-TN-Image-16-Dec-21-English,55-64,male,LEAD_GENERATION,2021-12-21,96,112,1.1666666666667,49.41,,,,2,24.705,1.78571429,2,24.705,441.16071429,2,2021-12-21,2021-12-21
AskJuno-LG-11-Dec-21-New,AskJuno-3-Loc-Industry-02-Dec-21,AskJuno-TN-Image-16-Dec-21-English,45-54,female,LEAD_GENERATION,2021-12-21,7,8,1.1428571428571,1.54,,,,0,,0,,,192.5,,2021-12-21,2021-12-21
AskJuno-LG-11-Dec-21-New,AskJuno-3-Loc-Industry-02-Dec-21,AskJuno-TN-Image-16-Dec-21-English,Unknown,unknown,LEAD_GENERATION,2021-12-21,0,0,0,0,,,,0,,,,,,,2021-12-21,2021-12-21
AskJuno-LG-11-Dec-21-New,AskJuno-3-Loc-Industry-02-Dec-21,AskJuno-TN-Image-16-Dec-21-English,65+,male,LEAD_GENERATION,2021-12-21,77,100,1.2987012987013,82.9,,,,1,82.9,1,1,82.9,829,1,2021-12-21,2021-12-21
AskJuno-LG-11-Dec-21-New,AskJuno-3-Loc-Industry-02-Dec-21,AskJuno-TN-Image-16-Dec-21-English,65+,female,LEAD_GENERATION,2021-12-19,2,2,1,0.4,,,,0,,0,,,200,,2021-12-19,2021-12-19
AskJuno-LG-11-Dec-21-New,AskJuno-3-Loc-Industry-02-Dec-21,AskJuno-TN-Image-16-Dec-21-English,25-34,unknown,LEAD_GENERATION,2021-12-19,3,3,1,1.62,,,,0,,0,,,540,,2021-12-19,2021-12-19
AskJuno-LG-11-Dec-21-New,AskJuno-3-Loc-Industry-02-Dec-21,AskJuno-TN-Image-16-Dec-21-English,45-54,male,LEAD_GENERATION,2021-12-19,56,61,1.0892857142857,42.46,,,,0,,0,,,696.06557377,,2021-12-19,2021-12-19
AskJuno-LG-11-Dec-21-New,AskJuno-3-Loc-Industry-02-Dec-21,AskJuno-TN-Image-16-Dec-21-English,65+,male,LEAD_GENERATION,2021-12-19,24,27,1.125,21.04,,,,1,21.04,3.7037037,1,21.04,779.25925926,1,2021-12-19,2021-12-19
AskJuno-LG-11-Dec-21-New,AskJuno-3-Loc-Industry-02-Dec-21,AskJuno-TN-Image-16-Dec-21-English,25-34,female,LEAD_GENERATION,2021-12-19,26,30,1.1538461538462,16.94,,,,0,,0,,,564.66666667,,2021-12-19,2021-12-19
AskJuno-LG-11-Dec-21-New,AskJuno-3-Loc-Industry-02-Dec-21,AskJuno-TN-Image-16-Dec-21-English,35-44,male,LEAD_GENERATION,2021-12-19,163,176,1.079754601227,161.35,,,,3,53.78333333,1.70454545,2,80.675,916.76136364,2,2021-12-19,2021-12-19
AskJuno-LG-11-Dec-21-New,AskJuno-3-Loc-Industry-02-Dec-21,AskJuno-TN-Image-16-Dec-21-English,35-44,female,LEAD_GENERATION,2021-12-19,14,16,1.1428571428571,10.99,,,,1,10.99,6.25,,,686.875,,2021-12-19,2021-12-19
AskJuno-LG-11-Dec-21-New,AskJuno-3-Loc-Industry-02-Dec-21,AskJuno-TN-Image-16-Dec-21-English,55-64,male,LEAD_GENERATION,2021-12-19,44,48,1.0909090909091,32.82,,,,1,32.82,2.08333333,1,32.82,683.75,1,2021-12-19,2021-12-19
AskJuno-LG-11-Dec-21-New,AskJuno-3-Loc-Industry-02-Dec-21,AskJuno-TN-Image-16-Dec-21-English,45-54,female,LEAD_GENERATION,2021-12-19,4,4,1,1,,,,0,,0,,,250,,2021-12-19,2021-12-19
AskJuno-LG-11-Dec-21-New,AskJuno-3-Loc-Industry-02-Dec-21,AskJuno-TN-Image-16-Dec-21-English,55-64,female,LEAD_GENERATION,2021-12-19,5,6,1.2,0.69,,,,0,,0,,,115,,2021-12-19,2021-12-19
AskJuno-LG-11-Dec-21-New,AskJuno-3-Loc-Industry-02-Dec-21,AskJuno-TN-Image-16-Dec-21-English,25-34,male,LEAD_GENERATION,2021-12-19,335,369,1.1014925373134,246.28,,,,1,246.28,0.27100271,1,246.28,667.42547425,1,2021-12-19,2021-12-19
AskJuno-LG-11-Dec-21-New,AskJuno-3-Loc-Industry-02-Dec-21,AskJuno-TN-Image-16-Dec-21-English,25-34,unknown,LEAD_GENERATION,2021-12-18,5,8,1.6,12.08,,,,0,,0,,,1510,,2021-12-18,2021-12-18
AskJuno-LG-11-Dec-21-New,AskJuno-3-Loc-Industry-02-Dec-21,AskJuno-TN-Image-16-Dec-21-English,55-64,female,LEAD_GENERATION,2021-12-18,10,11,1.1,4.17,,,,0,,0,,,379.09090909,,2021-12-18,2021-12-18
AskJuno-LG-11-Dec-21-New,AskJuno-3-Loc-Industry-02-Dec-21,AskJuno-TN-Image-16-Dec-21-English,35-44,female,LEAD_GENERATION,2021-12-18,34,47,1.3823529411765,25.05,,,,0,,0,,,532.9787234,,2021-12-18,2021-12-18
AskJuno-LG-11-Dec-21-New,AskJuno-3-Loc-Industry-02-Dec-21,AskJuno-TN-Image-16-Dec-21-English,65+,male,LEAD_GENERATION,2021-12-18,65,92,1.4153846153846,39.9,,,,1,39.9,1.08695652,,,433.69565217,1,2021-12-18,2021-12-18
AskJuno-LG-11-Dec-21-New,AskJuno-3-Loc-Industry-02-Dec-21,AskJuno-TN-Image-16-Dec-21-English,55-64,male,LEAD_GENERATION,2021-12-18,103,129,1.252427184466,70.38,,,,3,23.46,2.3255814,1,70.38,545.58139535,2,2021-12-18,2021-12-18
AskJuno-LG-11-Dec-21-New,AskJuno-3-Loc-Industry-02-Dec-21,AskJuno-TN-Image-16-Dec-21-English,25-34,male,LEAD_GENERATION,2021-12-18,863,1161,1.3453070683662,805.3,On-Facebook leads,1,805.3,16,50.33125,1.37812231,7,115.04285714,693.62618432,7,2021-12-18,2021-12-18
AskJuno-LG-11-Dec-21-New,AskJuno-3-Loc-Industry-02-Dec-21,AskJuno-TN-Image-16-Dec-21-English,45-54,male,LEAD_GENERATION,2021-12-18,188,259,1.3776595744681,232.89,On-Facebook leads,1,232.89,6,38.815,2.31660232,3,77.63,899.18918919,3,2021-12-18,2021-12-18
AskJuno-LG-11-Dec-21-New,AskJuno-3-Loc-Industry-02-Dec-21,AskJuno-TN-Image-16-Dec-21-English,35-44,male,LEAD_GENERATION,2021-12-18,456,599,1.3135964912281,464.77,On-Facebook leads,1,464.77,7,66.39571429,1.16861436,3,154.92333333,775.90984975,3,2021-12-18,2021-12-18
AskJuno-LG-11-Dec-21-New,AskJuno-3-Loc-Industry-02-Dec-21,AskJuno-TN-Image-16-Dec-21-English,25-34,female,LEAD_GENERATION,2021-12-18,89,117,1.314606741573,76.59,,,,2,38.295,1.70940171,,,654.61538462,,2021-12-18,2021-12-18
AskJuno-LG-11-Dec-21-New,AskJuno-3-Loc-Industry-02-Dec-21,AskJuno-TN-Image-16-Dec-21-English,65+,female,LEAD_GENERATION,2021-12-18,8,10,1.25,2.37,,,,0,,0,,,237,,2021-12-18,2021-12-18
AskJuno-LG-11-Dec-21-New,AskJuno-3-Loc-Industry-02-Dec-21,AskJuno-TN-Image-16-Dec-21-English,65+,unknown,LEAD_GENERATION,2021-12-18,1,1,1,2.26,,,,0,,0,,,2260,,2021-12-18,2021-12-18
AskJuno-LG-11-Dec-21-New,AskJuno-3-Loc-Industry-02-Dec-21,AskJuno-TN-Image-16-Dec-21-English,45-54,female,LEAD_GENERATION,2021-12-18,11,13,1.1818181818182,6.62,,,,1,6.62,7.69230769,,,509.23076923,1,2021-12-18,2021-12-18
AskJuno-LG-11-Dec-21-New,AskJuno-3-Loc-Industry-02-Dec-21,AskJuno-TN-Image-16-Dec-21-English,35-44,unknown,LEAD_GENERATION,2021-12-18,3,4,1.3333333333333,0.79,,,,0,,0,,,197.5,,2021-12-18,2021-12-18
AskJuno-LG-11-Dec-21-New,AskJuno-3-Loc-Industry-02-Dec-21,AskJuno-TN-Image-16-Dec-21-English,45-54,unknown,LEAD_GENERATION,2021-12-18,2,2,1,0.34,,,,0,,0,,,170,,2021-12-18,2021-12-18
AskJuno-LG-11-Dec-21-New,AskJuno-3-Loc-Industry-02-Dec-21,AskJuno-TN-Image-16-Dec-21-English,45-54,male,LEAD_GENERATION,2021-12-17,169,247,1.4615384615385,174.67,On-Facebook leads,1,174.67,6,29.11166667,2.4291498,1,174.67,707.1659919,3,2021-12-17,2021-12-17
AskJuno-LG-11-Dec-21-New,AskJuno-3-Loc-Industry-02-Dec-21,AskJuno-TN-Image-16-Dec-21-English,65+,female,LEAD_GENERATION,2021-12-17,5,9,1.8,2.39,,,,0,,0,,,265.55555556,,2021-12-17,2021-12-17
AskJuno-LG-11-Dec-21-New,AskJuno-3-Loc-Industry-02-Dec-21,AskJuno-TN-Image-16-Dec-21-English,45-54,unknown,LEAD_GENERATION,2021-12-17,2,4,2,0.8,,,,0,,0,,,200,,2021-12-17,2021-12-17
AskJuno-LG-11-Dec-21-New,AskJuno-3-Loc-Industry-02-Dec-21,AskJuno-TN-Image-16-Dec-21-English,55-64,female,LEAD_GENERATION,2021-12-17,9,10,1.1111111111111,4.73,,,,0,,0,,,473,,2021-12-17,2021-12-17
AskJuno-LG-11-Dec-21-New,AskJuno-3-Loc-Industry-02-Dec-21,AskJuno-TN-Image-16-Dec-21-English,55-64,male,LEAD_GENERATION,2021-12-17,110,143,1.3,119.41,,,,2,59.705,1.3986014,2,59.705,835.03496503,2,2021-12-17,2021-12-17
AskJuno-LG-11-Dec-21-New,AskJuno-3-Loc-Industry-02-Dec-21,AskJuno-TN-Image-16-Dec-21-English,25-34,unknown,LEAD_GENERATION,2021-12-17,3,10,3.3333333333333,3.4,,,,0,,0,,,340,,2021-12-17,2021-12-17
AskJuno-LG-11-Dec-21-New,AskJuno-3-Loc-Industry-02-Dec-21,AskJuno-TN-Image-16-Dec-21-English,35-44,female,LEAD_GENERATION,2021-12-17,50,62,1.24,79.89,,,,2,39.945,3.22580645,1,79.89,1288.5483871,1,2021-12-17,2021-12-17
AskJuno-LG-11-Dec-21-New,AskJuno-3-Loc-Industry-02-Dec-21,AskJuno-TN-Image-16-Dec-21-English,25-34,female,LEAD_GENERATION,2021-12-17,97,123,1.2680412371134,87.79,,,,1,87.79,0.81300813,,,713.7398374,,2021-12-17,2021-12-17
AskJuno-LG-11-Dec-21-New,AskJuno-3-Loc-Industry-02-Dec-21,AskJuno-TN-Image-16-Dec-21-English,25-34,male,LEAD_GENERATION,2021-12-17,857,1238,1.4445740956826,772.84,On-Facebook leads,3,257.61333333333,29,26.64965517,2.34248788,13,59.44923077,624.26494346,14,2021-12-17,2021-12-17
AskJuno-LG-11-Dec-21-New,AskJuno-3-Loc-Industry-02-Dec-21,AskJuno-TN-Image-16-Dec-21-English,35-44,male,LEAD_GENERATION,2021-12-17,473,656,1.3868921775899,438.91,,,,3,146.30333333,0.45731707,,,669.07012195,1,2021-12-17,2021-12-17
AskJuno-LG-11-Dec-21-New,AskJuno-3-Loc-Industry-02-Dec-21,AskJuno-TN-Image-16-Dec-21-English,65+,male,LEAD_GENERATION,2021-12-17,74,110,1.4864864864865,58.11,,,,4,14.5275,3.63636364,4,14.5275,528.27272727,4,2021-12-17,2021-12-17
AskJuno-LG-11-Dec-21-New,AskJuno-3-Loc-Industry-02-Dec-21,AskJuno-TN-Image-16-Dec-21-English,45-54,female,LEAD_GENERATION,2021-12-17,16,18,1.125,14.26,,,,1,14.26,5.55555556,,,792.22222222,,2021-12-17,2021-12-17
AskJuno-LG-11-Dec-21-New,AskJuno-3-Loc-Industry-02-Dec-21,AskJuno-TN-Image-16-Dec-21-English,35-44,unknown,LEAD_GENERATION,2021-12-17,2,2,1,1.3,,,,0,,0,,,650,,2021-12-17,2021-12-17
AskJuno-LG-11-Dec-21-New,AskJuno-3-Loc-Industry-02-Dec-21,AskJuno-TN-Image-16-Dec-21-English,45-54,female,LEAD_GENERATION,2021-12-16,12,19,1.5833333333333,10.09,,,,0,,0,,,531.05263158,,2021-12-16,2021-12-16
AskJuno-LG-11-Dec-21-New,AskJuno-3-Loc-Industry-02-Dec-21,AskJuno-TN-Image-16-Dec-21-English,65+,female,LEAD_GENERATION,2021-12-16,7,10,1.4285714285714,2.62,,,,0,,0,,,262,,2021-12-16,2021-12-16
AskJuno-LG-11-Dec-21-New,AskJuno-3-Loc-Industry-02-Dec-21,AskJuno-TN-Image-16-Dec-21-English,55-64,female,LEAD_GENERATION,2021-12-16,7,8,1.1428571428571,6.23,,,,0,,0,,,778.75,,2021-12-16,2021-12-16
AskJuno-LG-11-Dec-21-New,AskJuno-3-Loc-Industry-02-Dec-21,AskJuno-TN-Image-16-Dec-21-English,45-54,unknown,LEAD_GENERATION,2021-12-16,1,1,1,0.37,,,,0,,0,,,370,,2021-12-16,2021-12-16
AskJuno-LG-11-Dec-21-New,AskJuno-3-Loc-Industry-02-Dec-21,AskJuno-TN-Image-16-Dec-21-English,35-44,unknown,LEAD_GENERATION,2021-12-16,3,3,1,4.05,,,,2,2.025,66.66666667,1,4.05,1350,1,2021-12-16,2021-12-16
AskJuno-LG-11-Dec-21-New,AskJuno-3-Loc-Industry-02-Dec-21,AskJuno-TN-Image-16-Dec-21-English,55-64,male,LEAD_GENERATION,2021-12-16,133,171,1.2857142857143,70.39,,,,1,70.39,0.58479532,,,411.6374269,,2021-12-16,2021-12-16
AskJuno-LG-11-Dec-21-New,AskJuno-3-Loc-Industry-02-Dec-21,AskJuno-TN-Image-16-Dec-21-English,45-54,male,LEAD_GENERATION,2021-12-16,249,332,1.3333333333333,183.73,,,,5,36.746,1.5060241,2,91.865,553.40361446,3,2021-12-16,2021-12-16
AskJuno-LG-11-Dec-21-New,AskJuno-3-Loc-Industry-02-Dec-21,AskJuno-TN-Image-16-Dec-21-English,35-44,female,LEAD_GENERATION,2021-12-16,43,55,1.2790697674419,61.24,,,,1,61.24,1.81818182,,,1113.45454545,,2021-12-16,2021-12-16
AskJuno-LG-11-Dec-21-New,AskJuno-3-Loc-Industry-02-Dec-21,AskJuno-TN-Image-16-Dec-21-English,25-34,female,LEAD_GENERATION,2021-12-16,86,106,1.2325581395349,90.47,,,,4,22.6175,3.77358491,1,90.47,853.49056604,1,2021-12-16,2021-12-16
AskJuno-LG-11-Dec-21-New,AskJuno-3-Loc-Industry-02-Dec-21,AskJuno-TN-Image-16-Dec-21-English,25-34,male,LEAD_GENERATION,2021-12-16,814,1155,1.4189189189189,771.86,On-Facebook leads,1,771.86,20,38.593,1.73160173,8,96.4825,668.27705628,10,2021-12-16,2021-12-16
AskJuno-LG-11-Dec-21-New,AskJuno-3-Loc-Industry-02-Dec-21,AskJuno-TN-Image-16-Dec-21-English,35-44,male,LEAD_GENERATION,2021-12-16,544,740,1.3602941176471,490.17,,,,10,49.017,1.35135135,5,98.034,662.39189189,7,2021-12-16,2021-12-16
AskJuno-LG-11-Dec-21-New,AskJuno-3-Loc-Industry-02-Dec-21,AskJuno-TN-Image-16-Dec-21-English,65+,male,LEAD_GENERATION,2021-12-16,99,128,1.2929292929293,56.5,,,,0,,0,,,441.40625,,2021-12-16,2021-12-16
AskJuno-LG-11-Dec-21-New,AskJuno-3-Loc-Industry-02-Dec-21,AskJuno-TN-Image-16-Dec-21-English,25-34,unknown,LEAD_GENERATION,2021-12-16,1,4,4,2.14,,,,1,2.14,25,,,535,,2021-12-16,2021-12-16
AskJuno-LG-11-Dec-21-New,AskJuno-3-Loc-Industry-02-Dec-21,AskJuno-TN-Image-02-Sep-21-English,25-34,female,LEAD_GENERATION,2021-12-13,54,64,1.1851851851852,39.603428039893,,,,0,,0,,,618.80356312,,2021-12-13,2021-12-13
AskJuno-LG-11-Dec-21-New,AskJuno-3-Loc-Industry-02-Dec-21,AskJuno-TN-Image-02-Sep-21-English,65+,female,LEAD_GENERATION,2021-12-13,5,7,1.4,1.8884322229806,,,,0,,0,,,269.77603185,,2021-12-13,2021-12-13
AskJuno-LG-11-Dec-21-New,AskJuno-3-Loc-Industry-02-Dec-21,AskJuno-TN-Image-02-Sep-21-English,25-34,unknown,LEAD_GENERATION,2021-12-13,1,2,2,1.2017295964422,,,,0,,0,,,600.86479822,,2021-12-13,2021-12-13
AskJuno-LG-11-Dec-21-New,AskJuno-3-Loc-Industry-02-Dec-21,AskJuno-TN-Image-02-Sep-21-English,45-54,unknown,LEAD_GENERATION,2021-12-13,2,3,1.5,0.5686756126021,,,,0,,0,,,189.55853753,,2021-12-13,2021-12-13
AskJuno-LG-11-Dec-21-New,AskJuno-3-Loc-Industry-02-Dec-21,AskJuno-TN-Image-02-Sep-21-English,45-54,female,LEAD_GENERATION,2021-12-13,16,20,1.25,26.620456506902,,,,0,,0,,,1331.02282535,,2021-12-13,2021-12-13
AskJuno-LG-11-Dec-21-New,AskJuno-3-Loc-Industry-02-Dec-21,AskJuno-TN-Image-02-Sep-21-English,35-44,female,LEAD_GENERATION,2021-12-13,40,46,1.15,43.21934655776,,,,0,,0,,,939.55101213,,2021-12-13,2021-12-13
AskJuno-LG-11-Dec-21-New,AskJuno-3-Loc-Industry-02-Dec-21,AskJuno-TN-Image-02-Sep-21-English,35-44,male,LEAD_GENERATION,2021-12-13,348,416,1.1954022988506,321.34464003435,,,,3,107.11488001,0.72115385,,,772.46307701,,2021-12-13,2021-12-13
AskJuno-LG-11-Dec-21-New,AskJuno-3-Loc-Industry-02-Dec-21,AskJuno-TN-Image-02-Sep-21-English,55-64,male,LEAD_GENERATION,2021-12-13,58,70,1.2068965517241,46.277319191563,,,,0,,0,,,661.10455988,,2021-12-13,2021-12-13
AskJuno-LG-11-Dec-21-New,AskJuno-3-Loc-Industry-02-Dec-21,AskJuno-TN-Image-02-Sep-21-English,45-54,male,LEAD_GENERATION,2021-12-13,157,187,1.1910828025478,130.72028279871,,,,0,,0,,,699.03894545,,2021-12-13,2021-12-13
AskJuno-LG-11-Dec-21-New,AskJuno-3-Loc-Industry-02-Dec-21,AskJuno-TN-Image-02-Sep-21-English,25-34,male,LEAD_GENERATION,2021-12-13,409,491,1.200488997555,338.34053004117,,,,10,33.834053,2.03665988,8,42.29256626,689.08458257,8,2021-12-13,2021-12-13
AskJuno-LG-11-Dec-21-New,AskJuno-3-Loc-Industry-02-Dec-21,AskJuno-TN-Image-02-Sep-21-English,65+,male,LEAD_GENERATION,2021-12-13,45,48,1.0666666666667,18.11178177495,,,,0,,0,,,377.32878698,,2021-12-13,2021-12-13
AskJuno-LG-11-Dec-21-New,AskJuno-3-Loc-Industry-02-Dec-21,AskJuno-TN-Image-02-Sep-21-English,55-64,female,LEAD_GENERATION,2021-12-13,7,8,1.1428571428571,6.5987830518923,,,,0,,0,,,824.84788149,,2021-12-13,2021-12-13
AskJuno-LG-11-Dec-21-New,AskJuno-3-Loc-Industry-02-Dec-21,AskJuno-TN-Image-02-Sep-21-English,35-44,unknown,LEAD_GENERATION,2021-12-13,1,1,1,0.21459457079325,,,,0,,0,,,214.59457079,,2021-12-13,2021-12-13
AskJuno-LG-11-Dec-21-New,AskJuno-3-Loc-Industry-02-Dec-21,AskJuno-TN-Image-02-Sep-21-English,35-44,female,LEAD_GENERATION,2021-12-12,55,73,1.3272727272727,64.092347377238,,,,0,,0,,,877.97736133,,2021-12-12,2021-12-12
AskJuno-LG-11-Dec-21-New,AskJuno-3-Loc-Industry-02-Dec-21,AskJuno-TN-Image-02-Sep-21-English,Unknown,unknown,LEAD_GENERATION,2021-12-12,0,0,0,0,,,,0,,,,,,,2021-12-12,2021-12-12
AskJuno-LG-11-Dec-21-New,AskJuno-3-Loc-Industry-02-Dec-21,AskJuno-TN-Image-02-Sep-21-English,25-34,unknown,LEAD_GENERATION,2021-12-12,3,4,1.3333333333333,8.8392364946305,,,,0,,0,,,2209.80912366,,2021-12-12,2021-12-12
AskJuno-LG-11-Dec-21-New,AskJuno-3-Loc-Industry-02-Dec-21,AskJuno-TN-Image-02-Sep-21-English,55-64,female,LEAD_GENERATION,2021-12-12,9,11,1.2222222222222,5.686120028056,,,,0,,0,,,516.92000255,,2021-12-12,2021-12-12
AskJuno-LG-11-Dec-21-New,AskJuno-3-Loc-Industry-02-Dec-21,AskJuno-TN-Image-02-Sep-21-English,25-34,female,LEAD_GENERATION,2021-12-12,61,77,1.2622950819672,39.455997385069,,,,0,,0,,,512.41555046,,2021-12-12,2021-12-12
AskJuno-LG-11-Dec-21-New,AskJuno-3-Loc-Industry-02-Dec-21,AskJuno-TN-Image-02-Sep-21-English,25-34,male,LEAD_GENERATION,2021-12-12,517,649,1.2553191489362,421.54014041635,On-Facebook leads,2,210.77007020817,15,28.10267603,2.31124807,4,105.3850351,649.52255842,4,2021-12-12,2021-12-12
AskJuno-LG-11-Dec-21-New,AskJuno-3-Loc-Industry-02-Dec-21,AskJuno-TN-Image-02-Sep-21-English,35-44,male,LEAD_GENERATION,2021-12-12,492,641,1.3028455284553,458.03220832284,On-Facebook leads,2,229.01610416142,6,76.33870139,0.93603744,3,152.67740277,714.55882734,3,2021-12-12,2021-12-12
AskJuno-LG-11-Dec-21-New,AskJuno-3-Loc-Industry-02-Dec-21,AskJuno-TN-Image-02-Sep-21-English,55-64,male,LEAD_GENERATION,2021-12-12,146,185,1.2671232876712,137.23413901354,,,,0,,0,,,741.80615683,,2021-12-12,2021-12-12
AskJuno-LG-11-Dec-21-New,AskJuno-3-Loc-Industry-02-Dec-21,AskJuno-TN-Image-02-Sep-21-English,45-54,male,LEAD_GENERATION,2021-12-12,261,351,1.3448275862069,294.13321439029,On-Facebook leads,1,294.13321439029,5,58.82664288,1.42450142,2,147.0666072,837.98636578,2,2021-12-12,2021-12-12
AskJuno-LG-11-Dec-21-New,AskJuno-3-Loc-Industry-02-Dec-21,AskJuno-TN-Image-02-Sep-21-English,65+,male,LEAD_GENERATION,2021-12-12,76,100,1.3157894736842,78.134226041716,,,,1,78.13422604,1,,,781.34226042,1,2021-12-12,2021-12-12
AskJuno-LG-11-Dec-21-New,AskJuno-3-Loc-Industry-02-Dec-21,AskJuno-TN-Image-02-Sep-21-English,45-54,female,LEAD_GENERATION,2021-12-12,23,31,1.3478260869565,26.486178319226,,,,0,,0,,,854.39284901,,2021-12-12,2021-12-12
AskJuno-LG-11-Dec-21-New,AskJuno-3-Loc-Industry-02-Dec-21,AskJuno-TN-Image-02-Sep-21-English,65+,female,LEAD_GENERATION,2021-12-12,9,17,1.8888888888889,6.306232933149,,,,0,,0,,,370.95487842,,2021-12-12,2021-12-12
AskJuno-LG-11-Dec-21-New,AskJuno-3-Loc-Industry-02-Dec-21,AskJuno-TN-Image-02-Sep-21-English,45-54,unknown,LEAD_GENERATION,2021-12-12,1,1,1,0.35735319954511,,,,0,,0,,,357.35319955,,2021-12-12,2021-12-12
AskJuno-LG-11-Dec-21-New,AskJuno-3-Loc-Industry-02-Dec-21,AskJuno-TN-Image-02-Sep-21-English,35-44,unknown,LEAD_GENERATION,2021-12-12,1,2,2,3.1426060783526,,,,0,,0,,,1571.30303918,,2021-12-12,2021-12-12
AskJuno-LG-02-Sep-21,AskJuno-3-Loc-Industry-02-Dec-21,AskJuno-TN-Image-02-Sep-21-English,25-34,male,LEAD_GENERATION,2021-12-11,253,285,1.1264822134387,227.83565048435,On-Facebook leads,1,227.83565048435,4,56.95891262,1.40350877,3,75.94521683,799.42333503,3,2021-12-11,2021-12-11
AskJuno-LG-02-Sep-21,AskJuno-3-Loc-Industry-02-Dec-21,AskJuno-TN-Image-02-Sep-21-English,65+,male,LEAD_GENERATION,2021-12-11,42,51,1.2142857142857,36.811172087952,,,,0,,0,,,721.787688,,2021-12-11,2021-12-11
AskJuno-LG-02-Sep-21,AskJuno-3-Loc-Industry-02-Dec-21,AskJuno-TN-Image-02-Sep-21-English,55-64,unknown,LEAD_GENERATION,2021-12-11,1,1,1,0.52214428493549,,,,0,,0,,,522.14428494,,2021-12-11,2021-12-11
AskJuno-LG-02-Sep-21,AskJuno-3-Loc-Industry-02-Dec-21,AskJuno-TN-Image-02-Sep-21-English,35-44,female,LEAD_GENERATION,2021-12-11,28,32,1.1428571428571,16.397338794224,,,,1,16.39733879,3.125,1,16.39733879,512.41683732,1,2021-12-11,2021-12-11
AskJuno-LG-02-Sep-21,AskJuno-3-Loc-Industry-02-Dec-21,AskJuno-TN-Image-02-Sep-21-English,55-64,male,LEAD_GENERATION,2021-12-11,80,92,1.15,53.007686157201,,,,0,,0,,,576.17050171,,2021-12-11,2021-12-11
AskJuno-LG-02-Sep-21,AskJuno-3-Loc-Industry-02-Dec-21,AskJuno-TN-Image-02-Sep-21-English,25-34,female,LEAD_GENERATION,2021-12-11,31,35,1.1290322580645,19.028142691399,,,,0,,0,,,543.66121975,,2021-12-11,2021-12-11
AskJuno-LG-02-Sep-21,AskJuno-3-Loc-Industry-02-Dec-21,AskJuno-TN-Image-02-Sep-21-English,35-44,male,LEAD_GENERATION,2021-12-11,275,320,1.1636363636364,227.96618655559,On-Facebook leads,1,227.96618655559,9,25.32957628,2.8125,1,227.96618656,712.39433299,1,2021-12-11,2021-12-11
AskJuno-LG-02-Sep-21,AskJuno-3-Loc-Industry-02-Dec-21,AskJuno-TN-Image-02-Sep-21-English,45-54,male,LEAD_GENERATION,2021-12-11,138,162,1.1739130434783,103.05320762102,,,,1,103.05320762,0.61728395,,,636.13091124,,2021-12-11,2021-12-11
AskJuno-LG-02-Sep-21,AskJuno-3-Loc-Industry-02-Dec-21,AskJuno-TN-Image-02-Sep-21-English,55-64,female,LEAD_GENERATION,2021-12-11,12,12,1,12.190060805994,,,,0,,0,,,1015.8384005,,2021-12-11,2021-12-11
AskJuno-LG-02-Sep-21,AskJuno-3-Loc-Industry-02-Dec-21,AskJuno-TN-Image-02-Sep-21-English,35-44,unknown,LEAD_GENERATION,2021-12-11,2,2,1,1.2250308223486,,,,0,,0,,,612.51541117,,2021-12-11,2021-12-11
AskJuno-LG-02-Sep-21,AskJuno-3-Loc-Industry-02-Dec-21,AskJuno-TN-Image-02-Sep-21-English,65+,female,LEAD_GENERATION,2021-12-11,4,5,1.25,1.9078348872643,,,,0,,0,,,381.56697745,,2021-12-11,2021-12-11
AskJuno-LG-02-Sep-21,AskJuno-3-Loc-Industry-02-Dec-21,AskJuno-TN-Image-02-Sep-21-English,65+,unknown,LEAD_GENERATION,2021-12-11,1,1,1,0.20082472497519,,,,0,,0,,,200.82472498,,2021-12-11,2021-12-11
AskJuno-LG-02-Sep-21,AskJuno-3-Loc-Industry-02-Dec-21,AskJuno-TN-Image-02-Sep-21-English,25-34,unknown,LEAD_GENERATION,2021-12-11,1,1,1,0.21086596122395,,,,0,,0,,,210.86596122,,2021-12-11,2021-12-11
AskJuno-LG-02-Sep-21,AskJuno-3-Loc-Industry-02-Dec-21,AskJuno-TN-Image-02-Sep-21-English,45-54,female,LEAD_GENERATION,2021-12-11,11,12,1.0909090909091,17.983854121528,,,,0,,0,,,1498.65451013,,2021-12-11,2021-12-11
AskJuno-LG-11-Dec-21-New,AskJuno-3-Loc-Industry-02-Dec-21,AskJuno-TN-Image-02-Sep-21-English,25-34,male,LEAD_GENERATION,2021-12-11,308,354,1.1493506493506,256.87742278042,,,,4,64.2193557,1.1299435,1,256.87742278,725.64243723,2,2021-12-11,2021-12-11
AskJuno-LG-11-Dec-21-New,AskJuno-3-Loc-Industry-02-Dec-21,AskJuno-TN-Image-02-Sep-21-English,65+,male,LEAD_GENERATION,2021-12-11,59,68,1.1525423728814,36.673720324705,,,,1,36.67372032,1.47058824,1,36.67372032,539.31941654,1,2021-12-11,2021-12-11
AskJuno-LG-11-Dec-21-New,AskJuno-3-Loc-Industry-02-Dec-21,AskJuno-TN-Image-02-Sep-21-English,55-64,male,LEAD_GENERATION,2021-12-11,86,100,1.1627906976744,39.366757543268,,,,0,,0,,,393.66757543,,2021-12-11,2021-12-11
AskJuno-LG-11-Dec-21-New,AskJuno-3-Loc-Industry-02-Dec-21,AskJuno-TN-Image-02-Sep-21-English,35-44,male,LEAD_GENERATION,2021-12-11,283,330,1.1660777385159,217.72247715321,,,,2,108.86123858,0.60606061,1,217.72247715,659.76508228,1,2021-12-11,2021-12-11
AskJuno-LG-11-Dec-21-New,AskJuno-3-Loc-Industry-02-Dec-21,AskJuno-TN-Image-02-Sep-21-English,45-54,male,LEAD_GENERATION,2021-12-11,149,170,1.1409395973154,137.43567468219,On-Facebook leads,1,137.43567468219,4,34.35891867,2.35294118,1,137.43567468,808.44514519,1,2021-12-11,2021-12-11
AskJuno-LG-11-Dec-21-New,AskJuno-3-Loc-Industry-02-Dec-21,AskJuno-TN-Image-02-Sep-21-English,25-34,unknown,LEAD_GENERATION,2021-12-11,2,3,1.5,8.6842885587379,,,,0,,0,,,2894.76285291,,2021-12-11,2021-12-11
AskJuno-LG-11-Dec-21-New,AskJuno-3-Loc-Industry-02-Dec-21,AskJuno-TN-Image-02-Sep-21-English,65+,female,LEAD_GENERATION,2021-12-11,7,8,1.1428571428571,3.530198601113,,,,0,,0,,,441.27482514,,2021-12-11,2021-12-11
AskJuno-LG-11-Dec-21-New,AskJuno-3-Loc-Industry-02-Dec-21,AskJuno-TN-Image-02-Sep-21-English,35-44,female,LEAD_GENERATION,2021-12-11,25,25,1,21.100501352938,,,,0,,0,,,844.02005412,,2021-12-11,2021-12-11
AskJuno-LG-11-Dec-21-New,AskJuno-3-Loc-Industry-02-Dec-21,AskJuno-TN-Image-02-Sep-21-English,45-54,female,LEAD_GENERATION,2021-12-11,11,11,1,5.8903885229999,,,,1,5.89038852,9.09090909,1,5.89038852,535.48986573,1,2021-12-11,2021-12-11
AskJuno-LG-11-Dec-21-New,AskJuno-3-Loc-Industry-02-Dec-21,AskJuno-TN-Image-02-Sep-21-English,25-34,female,LEAD_GENERATION,2021-12-11,59,65,1.1016949152542,55.938518405065,On-Facebook leads,1,55.938518405065,4,13.9846296,6.15384615,2,27.9692592,860.59259085,2,2021-12-11,2021-12-11
AskJuno-LG-11-Dec-21-New,AskJuno-3-Loc-Industry-02-Dec-21,AskJuno-TN-Image-02-Sep-21-English,45-54,unknown,LEAD_GENERATION,2021-12-11,1,1,1,0.68586715678767,,,,0,,0,,,685.86715679,,2021-12-11,2021-12-11
AskJuno-LG-11-Dec-21-New,AskJuno-3-Loc-Industry-02-Dec-21,AskJuno-TN-Image-02-Sep-21-English,55-64,female,LEAD_GENERATION,2021-12-11,8,11,1.375,6.3341849185684,,,,0,,0,,,575.8349926,,2021-12-11,2021-12-11
AskJuno-LG-02-Sep-21,AskJuno-3-Loc-Industry-02-Dec-21,AskJuno-TN-Image-02-Sep-21-English,35-44,female,LEAD_GENERATION,2021-12-10,57,68,1.1929824561404,66.08,,,,2,33.04,2.94117647,,,971.76470588,1,2021-12-10,2021-12-10
AskJuno-LG-02-Sep-21,AskJuno-3-Loc-Industry-02-Dec-21,AskJuno-TN-Image-02-Sep-21-English,45-54,female,LEAD_GENERATION,2021-12-10,24,33,1.375,26.48,,,,2,13.24,6.06060606,,,802.42424242,,2021-12-10,2021-12-10
AskJuno-LG-02-Sep-21,AskJuno-3-Loc-Industry-02-Dec-21,AskJuno-TN-Image-02-Sep-21-English,65+,unknown,LEAD_GENERATION,2021-12-10,2,2,1,1.1,,,,0,,0,,,550,,2021-12-10,2021-12-10
AskJuno-LG-02-Sep-21,AskJuno-3-Loc-Industry-02-Dec-21,AskJuno-TN-Image-02-Sep-21-English,65+,female,LEAD_GENERATION,2021-12-10,7,11,1.5714285714286,3.12,,,,1,3.12,9.09090909,2,1.56,283.63636364,2,2021-12-10,2021-12-10
AskJuno-LG-02-Sep-21,AskJuno-3-Loc-Industry-02-Dec-21,AskJuno-TN-Image-02-Sep-21-English,Unknown,unknown,LEAD_GENERATION,2021-12-10,0,0,0,0,,,,0,,,,,,,2021-12-10,2021-12-10
AskJuno-LG-02-Sep-21,AskJuno-3-Loc-Industry-02-Dec-21,AskJuno-TN-Image-02-Sep-21-English,65+,male,LEAD_GENERATION,2021-12-10,71,94,1.3239436619718,45.04,,,,2,22.52,2.12765957,2,22.52,479.14893617,2,2021-12-10,2021-12-10
AskJuno-LG-02-Sep-21,AskJuno-3-Loc-Industry-02-Dec-21,AskJuno-TN-Image-02-Sep-21-English,35-44,unknown,LEAD_GENERATION,2021-12-10,1,1,1,0.55,,,,0,,0,,,550,,2021-12-10,2021-12-10
AskJuno-LG-02-Sep-21,AskJuno-3-Loc-Industry-02-Dec-21,AskJuno-TN-Image-02-Sep-21-English,25-34,female,LEAD_GENERATION,2021-12-10,94,123,1.3085106382979,65.63,,,,1,65.63,0.81300813,1,65.63,533.57723577,1,2021-12-10,2021-12-10
AskJuno-LG-02-Sep-21,AskJuno-3-Loc-Industry-02-Dec-21,AskJuno-TN-Image-02-Sep-21-English,25-34,male,LEAD_GENERATION,2021-12-10,663,854,1.2880844645551,440.68,,,,11,40.06181818,1.28805621,3,146.89333333,516.01873536,5,2021-12-10,2021-12-10
AskJuno-LG-02-Sep-21,AskJuno-3-Loc-Industry-02-Dec-21,AskJuno-TN-Image-02-Sep-21-English,45-54,male,LEAD_GENERATION,2021-12-10,245,319,1.3020408163265,230.38,On-Facebook leads,1,230.38,4,57.595,1.2539185,2,115.19,722.19435737,2,2021-12-10,2021-12-10
AskJuno-LG-02-Sep-21,AskJuno-3-Loc-Industry-02-Dec-21,AskJuno-TN-Image-02-Sep-21-English,35-44,male,LEAD_GENERATION,2021-12-10,542,699,1.289667896679,455.17,On-Facebook leads,2,227.585,13,35.01307692,1.85979971,3,151.72333333,651.17310443,4,2021-12-10,2021-12-10
AskJuno-LG-02-Sep-21,AskJuno-3-Loc-Industry-02-Dec-21,AskJuno-TN-Image-02-Sep-21-English,55-64,male,LEAD_GENERATION,2021-12-10,129,176,1.3643410852713,93.14,On-Facebook leads,1,93.14,4,23.285,2.27272727,2,46.57,529.20454545,2,2021-12-10,2021-12-10
AskJuno-LG-02-Sep-21,AskJuno-3-Loc-Industry-02-Dec-21,AskJuno-TN-Image-02-Sep-21-English,55-64,female,LEAD_GENERATION,2021-12-10,9,11,1.2222222222222,8.9,,,,0,,0,,,809.09090909,,2021-12-10,2021-12-10
AskJuno-LG-02-Sep-21,AskJuno-3-Loc-Industry-02-Dec-21,AskJuno-TN-Image-02-Sep-21-English,25-34,unknown,LEAD_GENERATION,2021-12-10,1,2,2,0.52,,,,0,,0,,,260,,2021-12-10,2021-12-10
AskJuno-LG-02-Sep-21,AskJuno-3-Loc-Industry-02-Dec-21,AskJuno-TN-Image-02-Sep-21-English,55-64,female,LEAD_GENERATION,2021-12-09,7,7,1,1.88,,,,0,,0,,,268.57142857,,2021-12-09,2021-12-09
AskJuno-LG-02-Sep-21,AskJuno-3-Loc-Industry-02-Dec-21,AskJuno-TN-Image-02-Sep-21-English,45-54,male,LEAD_GENERATION,2021-12-09,245,279,1.1387755102041,140.33,,,,4,35.0825,1.43369176,,,502.97491039,1,2021-12-09,2021-12-09
AskJuno-LG-02-Sep-21,AskJuno-3-Loc-Industry-02-Dec-21,AskJuno-TN-Image-02-Sep-21-English,Unknown,unknown,LEAD_GENERATION,2021-12-09,0,0,0,0,,,,0,,,,,,,2021-12-09,2021-12-09
AskJuno-LG-02-Sep-21,AskJuno-3-Loc-Industry-02-Dec-21,AskJuno-TN-Image-02-Sep-21-English,25-34,male,LEAD_GENERATION,2021-12-09,642,712,1.1090342679128,279.09,,,,3,93.03,0.42134831,2,139.545,391.98033708,3,2021-12-09,2021-12-09
AskJuno-LG-02-Sep-21,AskJuno-3-Loc-Industry-02-Dec-21,AskJuno-TN-Image-02-Sep-21-English,45-54,female,LEAD_GENERATION,2021-12-09,15,16,1.0666666666667,13.26,,,,0,,0,,,828.75,,2021-12-09,2021-12-09
AskJuno-LG-02-Sep-21,AskJuno-3-Loc-Industry-02-Dec-21,AskJuno-TN-Image-02-Sep-21-English,65+,female,LEAD_GENERATION,2021-12-09,7,9,1.2857142857143,3.48,,,,1,3.48,11.11111111,1,3.48,386.66666667,1,2021-12-09,2021-12-09
AskJuno-LG-02-Sep-21,AskJuno-3-Loc-Industry-02-Dec-21,AskJuno-TN-Image-02-Sep-21-English,65+,unknown,LEAD_GENERATION,2021-12-09,1,1,1,0.26,,,,0,,0,,,260,,2021-12-09,2021-12-09
AskJuno-LG-02-Sep-21,AskJuno-3-Loc-Industry-02-Dec-21,AskJuno-TN-Image-02-Sep-21-English,55-64,male,LEAD_GENERATION,2021-12-09,148,172,1.1621621621622,87.32,On-Facebook leads,1,87.32,5,17.464,2.90697674,2,43.66,507.6744186,3,2021-12-09,2021-12-09
AskJuno-LG-02-Sep-21,AskJuno-3-Loc-Industry-02-Dec-21,AskJuno-TN-Image-02-Sep-21-English,25-34,female,LEAD_GENERATION,2021-12-09,88,105,1.1931818181818,44.36,On-Facebook leads,1,44.36,4,11.09,3.80952381,1,44.36,422.47619048,1,2021-12-09,2021-12-09
AskJuno-LG-02-Sep-21,AskJuno-3-Loc-Industry-02-Dec-21,AskJuno-TN-Image-02-Sep-21-English,35-44,female,LEAD_GENERATION,2021-12-09,48,48,1,26.76,,,,0,,0,,,557.5,,2021-12-09,2021-12-09
AskJuno-LG-02-Sep-21,AskJuno-3-Loc-Industry-02-Dec-21,AskJuno-TN-Image-02-Sep-21-English,25-34,unknown,LEAD_GENERATION,2021-12-09,2,2,1,1.26,,,,0,,0,,,630,,2021-12-09,2021-12-09
AskJuno-LG-02-Sep-21,AskJuno-3-Loc-Industry-02-Dec-21,AskJuno-TN-Image-02-Sep-21-English,35-44,male,LEAD_GENERATION,2021-12-09,503,586,1.1650099403579,226.26,On-Facebook leads,1,226.26,4,56.565,0.68259386,1,226.26,386.10921502,1,2021-12-09,2021-12-09
AskJuno-LG-02-Sep-21,AskJuno-3-Loc-Industry-02-Dec-21,AskJuno-TN-Image-02-Sep-21-English,65+,male,LEAD_GENERATION,2021-12-09,79,86,1.0886075949367,33.56,,,,2,16.78,2.3255814,1,33.56,390.23255814,3,2021-12-09,2021-12-09
AskJuno-LG-02-Sep-21,AskJuno-3-Loc-Industry-02-Dec-21,AskJuno-TN-Image-02-Sep-21-English,25-34,female,LEAD_GENERATION,2021-12-07,54,59,1.0925925925926,24.67,,,,0,,0,,,418.13559322,,2021-12-07,2021-12-07
AskJuno-LG-02-Sep-21,AskJuno-3-Loc-Industry-02-Dec-21,AskJuno-TN-Image-02-Sep-21-English,45-54,male,LEAD_GENERATION,2021-12-07,133,145,1.0902255639098,54.67,,,,0,,0,,,377.03448276,,2021-12-07,2021-12-07
AskJuno-LG-02-Sep-21,AskJuno-3-Loc-Industry-02-Dec-21,AskJuno-TN-Image-02-Sep-21-English,35-44,unknown,LEAD_GENERATION,2021-12-07,1,1,1,0.32,,,,0,,0,,,320,,2021-12-07,2021-12-07
AskJuno-LG-02-Sep-21,AskJuno-3-Loc-Industry-02-Dec-21,AskJuno-TN-Image-02-Sep-21-English,55-64,male,LEAD_GENERATION,2021-12-07,80,88,1.1,31.56,,,,0,,0,,,358.63636364,,2021-12-07,2021-12-07
AskJuno-LG-02-Sep-21,AskJuno-3-Loc-Industry-02-Dec-21,AskJuno-TN-Image-02-Sep-21-English,45-54,unknown,LEAD_GENERATION,2021-12-07,1,1,1,0.03,,,,0,,0,,,30,,2021-12-07,2021-12-07
AskJuno-LG-02-Sep-21,AskJuno-3-Loc-Industry-02-Dec-21,AskJuno-TN-Image-02-Sep-21-English,55-64,unknown,LEAD_GENERATION,2021-12-07,1,1,1,0.04,,,,0,,0,,,40,,2021-12-07,2021-12-07
AskJuno-LG-02-Sep-21,AskJuno-3-Loc-Industry-02-Dec-21,AskJuno-TN-Image-02-Sep-21-English,65+,female,LEAD_GENERATION,2021-12-07,6,10,1.6666666666667,5.38,,,,0,,0,,,538,,2021-12-07,2021-12-07
AskJuno-LG-02-Sep-21,AskJuno-3-Loc-Industry-02-Dec-21,AskJuno-TN-Image-02-Sep-21-English,45-54,female,LEAD_GENERATION,2021-12-07,18,18,1,6.8,,,,1,6.8,5.55555556,1,6.8,377.77777778,1,2021-12-07,2021-12-07
AskJuno-LG-02-Sep-21,AskJuno-3-Loc-Industry-02-Dec-21,AskJuno-TN-Image-02-Sep-21-English,35-44,male,LEAD_GENERATION,2021-12-07,319,355,1.1128526645768,124.33,,,,4,31.0825,1.12676056,3,41.44333333,350.22535211,3,2021-12-07,2021-12-07
AskJuno-LG-02-Sep-21,AskJuno-3-Loc-Industry-02-Dec-21,AskJuno-TN-Image-02-Sep-21-English,25-34,male,LEAD_GENERATION,2021-12-07,365,390,1.0684931506849,110.33,,,,2,55.165,0.51282051,1,110.33,282.8974359,1,2021-12-07,2021-12-07
AskJuno-LG-02-Sep-21,AskJuno-3-Loc-Industry-02-Dec-21,AskJuno-TN-Image-02-Sep-21-English,55-64,female,LEAD_GENERATION,2021-12-07,7,7,1,4.66,,,,0,,0,,,665.71428571,,2021-12-07,2021-12-07
AskJuno-LG-02-Sep-21,AskJuno-3-Loc-Industry-02-Dec-21,AskJuno-TN-Image-02-Sep-21-English,35-44,female,LEAD_GENERATION,2021-12-07,36,39,1.0833333333333,24.07,,,,1,24.07,2.56410256,,,617.17948718,,2021-12-07,2021-12-07
AskJuno-LG-02-Sep-21,AskJuno-3-Loc-Industry-02-Dec-21,AskJuno-TN-Image-02-Sep-21-English,65+,male,LEAD_GENERATION,2021-12-07,37,41,1.1081081081081,6.69,,,,0,,0,,,163.17073171,,2021-12-07,2021-12-07
AskJuno-LG-02-Sep-21,AskJuno-3-Loc-Industry-02-Dec-21,AskJuno-TN-Image-02-Sep-21-English,35-44,unknown,LEAD_GENERATION,2021-12-06,1,1,1,0.06,,,,0,,0,,,60,,2021-12-06,2021-12-06
AskJuno-LG-02-Sep-21,AskJuno-3-Loc-Industry-02-Dec-21,AskJuno-TN-Image-02-Sep-21-English,45-54,female,LEAD_GENERATION,2021-12-06,23,24,1.0434782608696,10.7,,,,0,,0,,,445.83333333,,2021-12-06,2021-12-06
AskJuno-LG-02-Sep-21,AskJuno-LG-TN-02-Sep-21,AskJuno-TN-Image-04-Sep-21-Tamil,55-64,male,LEAD_GENERATION,2021-12-06,74,81,1.0945945945946,29.9,,,,2,14.95,2.4691358,2,14.95,369.13580247,2,2021-12-06,2021-12-06
AskJuno-LG-02-Sep-21,AskJuno-3-Loc-Industry-02-Dec-21,AskJuno-TN-Image-02-Sep-21-English,55-64,female,LEAD_GENERATION,2021-12-06,7,7,1,2.8,On-Facebook leads,1,2.8,3,0.93333333,42.85714286,1,2.8,400,1,2021-12-06,2021-12-06
AskJuno-LG-02-Sep-21,AskJuno-3-Loc-Industry-02-Dec-21,AskJuno-TN-Image-02-Sep-21-English,25-34,male,LEAD_GENERATION,2021-12-06,762,884,1.1601049868766,286.58,On-Facebook leads,2,143.29,6,47.76333333,0.67873303,4,71.645,324.18552036,4,2021-12-06,2021-12-06
AskJuno-LG-02-Sep-21,AskJuno-LG-TN-02-Sep-21,AskJuno-TN-Image-04-Sep-21-Tamil,55-64,female,LEAD_GENERATION,2021-12-06,10,10,1,1.52,,,,0,,0,,,152,,2021-12-06,2021-12-06
AskJuno-LG-02-Sep-21,AskJuno-LG-TN-02-Sep-21,AskJuno-TN-Image-04-Sep-21-Tamil,45-54,female,LEAD_GENERATION,2021-12-06,9,10,1.1111111111111,5.34,,,,0,,0,,,534,,2021-12-06,2021-12-06
AskJuno-LG-02-Sep-21,AskJuno-LG-TN-02-Sep-21,AskJuno-TN-Image-04-Sep-21-Tamil,65+,male,LEAD_GENERATION,2021-12-06,37,39,1.0540540540541,9.21,,,,0,,0,,,236.15384615,,2021-12-06,2021-12-06
AskJuno-LG-02-Sep-21,AskJuno-LG-TN-02-Sep-21,AskJuno-TN-Image-04-Sep-21-Tamil,65+,female,LEAD_GENERATION,2021-12-06,3,3,1,0.78,,,,0,,0,,,260,,2021-12-06,2021-12-06
AskJuno-LG-02-Sep-21,AskJuno-LG-TN-02-Sep-21,AskJuno-TN-Image-04-Sep-21-Tamil,35-44,male,LEAD_GENERATION,2021-12-06,204,210,1.0294117647059,76.02,,,,3,25.34,1.42857143,,,362,1,2021-12-06,2021-12-06
AskJuno-LG-02-Sep-21,AskJuno-3-Loc-Industry-02-Dec-21,AskJuno-TN-Image-02-Sep-21-English,Unknown,unknown,LEAD_GENERATION,2021-12-06,0,0,0,0,,,,0,,,,,,,2021-12-06,2021-12-06
AskJuno-LG-02-Sep-21,AskJuno-3-Loc-Industry-02-Dec-21,AskJuno-TN-Image-02-Sep-21-English,65+,female,LEAD_GENERATION,2021-12-06,11,12,1.0909090909091,7.96,,,,0,,0,,,663.33333333,,2021-12-06,2021-12-06
AskJuno-LG-02-Sep-21,AskJuno-LG-KA-02-Sep-21,AskJuno-KA-Image-02-Sep-21,35-44,female,LEAD_GENERATION,2021-12-06,20,21,1.05,9.52,,,,0,,0,,,453.33333333,,2021-12-06,2021-12-06
AskJuno-LG-02-Sep-21,AskJuno-LG-KA-02-Sep-21,AskJuno-KA-Image-02-Sep-21,55-64,female,LEAD_GENERATION,2021-12-06,11,11,1,9.1,,,,0,,0,,,827.27272727,,2021-12-06,2021-12-06
AskJuno-LG-02-Sep-21,AskJuno-LG-KA-02-Sep-21,AskJuno-KA-Image-02-Sep-21,65+,female,LEAD_GENERATION,2021-12-06,7,8,1.1428571428571,4.57,,,,1,4.57,12.5,,,571.25,,2021-12-06,2021-12-06
AskJuno-LG-02-Sep-21,AskJuno-LG-KA-02-Sep-21,AskJuno-KA-Image-02-Sep-21,25-34,female,LEAD_GENERATION,2021-12-06,38,40,1.0526315789474,16.05,,,,1,16.05,2.5,,,401.25,,2021-12-06,2021-12-06
AskJuno-LG-02-Sep-21,AskJuno-LG-KA-02-Sep-21,AskJuno-KA-Image-02-Sep-21,45-54,male,LEAD_GENERATION,2021-12-06,95,96,1.0105263157895,44.76,,,,2,22.38,2.08333333,,,466.25,1,2021-12-06,2021-12-06
AskJuno-LG-02-Sep-21,AskJuno-LG-KA-02-Sep-21,AskJuno-KA-Image-02-Sep-21,55-64,male,LEAD_GENERATION,2021-12-06,75,75,1,20.92,On-Facebook leads,1,20.92,3,6.97333333,4,1,20.92,278.93333333,1,2021-12-06,2021-12-06
AskJuno-LG-02-Sep-21,AskJuno-LG-KA-02-Sep-21,AskJuno-KA-Image-02-Sep-21,35-44,male,LEAD_GENERATION,2021-12-06,160,165,1.03125,54.93,,,,2,27.465,1.21212121,2,27.465,332.90909091,2,2021-12-06,2021-12-06
AskJuno-LG-02-Sep-21,AskJuno-LG-KA-02-Sep-21,AskJuno-KA-Image-02-Sep-21,65+,male,LEAD_GENERATION,2021-12-06,56,57,1.0178571428571,14.68,,,,1,14.68,1.75438596,,,257.54385965,1,2021-12-06,2021-12-06
AskJuno-LG-02-Sep-21,AskJuno-LG-KA-02-Sep-21,AskJuno-KA-Image-02-Sep-21,25-34,male,LEAD_GENERATION,2021-12-06,225,233,1.0355555555556,89.92,On-Facebook leads,1,89.92,2,44.96,0.8583691,1,89.92,385.92274678,1,2021-12-06,2021-12-06
AskJuno-LG-02-Sep-21,AskJuno-3-Loc-Industry-02-Dec-21,AskJuno-TN-Image-02-Sep-21-English,55-64,male,LEAD_GENERATION,2021-12-06,132,152,1.1515151515152,55.02,,,,4,13.755,2.63157895,1,55.02,361.97368421,2,2021-12-06,2021-12-06
AskJuno-LG-02-Sep-21,AskJuno-LG-KA-02-Sep-21,AskJuno-KA-Image-02-Sep-21,45-54,female,LEAD_GENERATION,2021-12-06,12,12,1,2.82,,,,0,,0,,,235,,2021-12-06,2021-12-06
AskJuno-LG-02-Sep-21,AskJuno-LG-KA-02-Sep-21,AskJuno-KA-Image-02-Sep-21,25-34,unknown,LEAD_GENERATION,2021-12-06,1,1,1,0.23,,,,0,,0,,,230,,2021-12-06,2021-12-06
AskJuno-LG-02-Sep-21,AskJuno-LG-KA-02-Sep-21,AskJuno-KA-Image-02-Sep-21,Unknown,unknown,LEAD_GENERATION,2021-12-06,0,0,0,0,,,,0,,,,,,,2021-12-06,2021-12-06
AskJuno-LG-02-Sep-21,AskJuno-LG-TN-02-Sep-21,AskJuno-TN-Image-04-Sep-21-Tamil,45-54,male,LEAD_GENERATION,2021-12-06,103,116,1.126213592233,49.84,,,,3,16.61333333,2.5862069,2,24.92,429.65517241,2,2021-12-06,2021-12-06
AskJuno-LG-02-Sep-21,AskJuno-LG-TN-02-Sep-21,AskJuno-TN-Image-04-Sep-21-Tamil,35-44,female,LEAD_GENERATION,2021-12-06,21,23,1.0952380952381,16.95,,,,1,16.95,4.34782609,,,736.95652174,,2021-12-06,2021-12-06
AskJuno-LG-02-Sep-21,AskJuno-LG-TN-02-Sep-21,AskJuno-TN-Image-04-Sep-21-Tamil,25-34,female,LEAD_GENERATION,2021-12-06,82,82,1,12.09,,,,2,6.045,2.43902439,,,147.43902439,,2021-12-06,2021-12-06
AskJuno-LG-02-Sep-21,AskJuno-LG-TN-02-Sep-21,AskJuno-TN-Image-04-Sep-21-Tamil,25-34,male,LEAD_GENERATION,2021-12-06,297,308,1.037037037037,67.38,,,,0,,0,,,218.76623377,,2021-12-06,2021-12-06
AskJuno-LG-02-Sep-21,AskJuno-3-Loc-Industry-02-Dec-21,AskJuno-TN-Image-02-Sep-21-English,35-44,male,LEAD_GENERATION,2021-12-06,580,665,1.1465517241379,242.23,On-Facebook leads,1,242.23,6,40.37166667,0.90225564,4,60.5575,364.2556391,4,2021-12-06,2021-12-06
AskJuno-LG-02-Sep-21,AskJuno-3-Loc-Industry-02-Dec-21,AskJuno-TN-Image-02-Sep-21-English,45-54,unknown,LEAD_GENERATION,2021-12-06,2,4,2,0.8,,,,0,,0,,,200,,2021-12-06,2021-12-06
AskJuno-LG-02-Sep-21,AskJuno-3-Loc-Industry-02-Dec-21,AskJuno-TN-Image-02-Sep-21-English,45-54,male,LEAD_GENERATION,2021-12-06,232,270,1.1637931034483,86.71,,,,4,21.6775,1.48148148,1,86.71,321.14814815,3,2021-12-06,2021-12-06
AskJuno-LG-02-Sep-21,AskJuno-3-Loc-Industry-02-Dec-21,AskJuno-TN-Image-02-Sep-21-English,25-34,unknown,LEAD_GENERATION,2021-12-06,1,1,1,2.12,,,,0,,0,,,2120,,2021-12-06,2021-12-06
AskJuno-LG-02-Sep-21,AskJuno-3-Loc-Industry-02-Dec-21,AskJuno-TN-Image-02-Sep-21-English,25-34,female,LEAD_GENERATION,2021-12-06,92,100,1.0869565217391,39.31,,,,1,39.31,1,1,39.31,393.1,1,2021-12-06,2021-12-06
AskJuno-LG-02-Sep-21,AskJuno-3-Loc-Industry-02-Dec-21,AskJuno-TN-Image-02-Sep-21-English,65+,unknown,LEAD_GENERATION,2021-12-06,1,1,1,0.86,,,,0,,0,,,860,,2021-12-06,2021-12-06
AskJuno-LG-02-Sep-21,AskJuno-LG-TN-02-Sep-21,AskJuno-TN-Image-04-Sep-21-Tamil,35-44,unknown,LEAD_GENERATION,2021-12-06,1,1,1,0.09,,,,0,,0,,,90,,2021-12-06,2021-12-06
AskJuno-LG-02-Sep-21,AskJuno-3-Loc-Industry-02-Dec-21,AskJuno-TN-Image-02-Sep-21-English,55-64,unknown,LEAD_GENERATION,2021-12-06,1,1,1,0.26,,,,0,,0,,,260,,2021-12-06,2021-12-06
AskJuno-LG-02-Sep-21,AskJuno-3-Loc-Industry-02-Dec-21,AskJuno-TN-Image-02-Sep-21-English,65+,male,LEAD_GENERATION,2021-12-06,80,88,1.1,49.84,,,,0,,0,,,566.36363636,,2021-12-06,2021-12-06
AskJuno-LG-02-Sep-21,AskJuno-3-Loc-Industry-02-Dec-21,AskJuno-TN-Image-02-Sep-21-English,35-44,female,LEAD_GENERATION,2021-12-06,49,54,1.1020408163265,27.78,,,,0,,0,,,514.44444444,,2021-12-06,2021-12-06
AskJuno-LG-02-Sep-21,AskJuno-LG-KA-02-Sep-21,AskJuno-KA-Image-02-Sep-21,35-44,male,LEAD_GENERATION,2021-12-05,546,616,1.1282051282051,208.71,On-Facebook leads,1,208.71,8,26.08875,1.2987013,3,69.57,338.81493506,3,2021-12-05,2021-12-05
AskJuno-LG-02-Sep-21,AskJuno-3-Loc-Industry-02-Dec-21,AskJuno-TN-Image-02-Sep-21-English,25-34,male,LEAD_GENERATION,2021-12-05,921,1090,1.1834961997828,276.32664655193,,,,5,55.26532931,0.4587156,2,138.16332328,253.51068491,3,2021-12-05,2021-12-05
AskJuno-LG-02-Sep-21,AskJuno-3-Loc-Industry-02-Dec-21,AskJuno-TN-Image-02-Sep-21-English,25-34,female,LEAD_GENERATION,2021-12-05,99,111,1.1212121212121,45.614494194888,,,,0,,0,,,410.94138914,,2021-12-05,2021-12-05
AskJuno-LG-02-Sep-21,AskJuno-3-Loc-Industry-02-Dec-21,AskJuno-TN-Image-02-Sep-21-English,65+,male,LEAD_GENERATION,2021-12-05,88,95,1.0795454545455,21.287430543822,,,,1,21.28743054,1.05263158,1,21.28743054,224.07821625,1,2021-12-05,2021-12-05
AskJuno-LG-02-Sep-21,AskJuno-3-Loc-Industry-02-Dec-21,AskJuno-TN-Image-02-Sep-21-English,55-64,female,LEAD_GENERATION,2021-12-05,15,15,1,3.149619831519,,,,0,,0,,,209.97465543,,2021-12-05,2021-12-05
AskJuno-LG-02-Sep-21,AskJuno-LG-KA-02-Sep-21,AskJuno-KA-Image-02-Sep-21,Unknown,unknown,LEAD_GENERATION,2021-12-05,0,0,0,0,,,,0,,,,,,,2021-12-05,2021-12-05
AskJuno-LG-02-Sep-21,AskJuno-LG-KA-02-Sep-21,AskJuno-KA-Image-02-Sep-21,65+,female,LEAD_GENERATION,2021-12-05,27,29,1.0740740740741,7.57,,,,2,3.785,6.89655172,1,7.57,261.03448276,1,2021-12-05,2021-12-05
AskJuno-LG-02-Sep-21,AskJuno-LG-KA-02-Sep-21,AskJuno-KA-Image-02-Sep-21,25-34,male,LEAD_GENERATION,2021-12-05,693,758,1.0937950937951,204.04,,,,5,40.808,0.65963061,4,51.01,269.18205805,5,2021-12-05,2021-12-05
AskJuno-LG-02-Sep-21,AskJuno-LG-KA-02-Sep-21,AskJuno-KA-Image-02-Sep-21,45-54,male,LEAD_GENERATION,2021-12-05,305,331,1.0852459016393,153.2,,,,3,51.06666667,0.90634441,3,51.06666667,462.83987915,3,2021-12-05,2021-12-05
AskJuno-LG-02-Sep-21,AskJuno-3-Loc-Industry-02-Dec-21,AskJuno-TN-Image-02-Sep-21-English,45-54,male,LEAD_GENERATION,2021-12-05,295,346,1.1728813559322,120.10550290859,On-Facebook leads,1,120.10550290859,7,17.15792899,2.02312139,5,24.02110058,347.12573095,6,2021-12-05,2021-12-05
AskJuno-LG-02-Sep-21,AskJuno-LG-KA-02-Sep-21,AskJuno-KA-Image-02-Sep-21,25-34,unknown,LEAD_GENERATION,2021-12-05,3,3,1,11.24,,,,0,,0,,,3746.66666667,,2021-12-05,2021-12-05
AskJuno-LG-02-Sep-21,AskJuno-LG-KA-02-Sep-21,AskJuno-KA-Image-02-Sep-21,35-44,female,LEAD_GENERATION,2021-12-05,68,77,1.1323529411765,25.38,,,,2,12.69,2.5974026,2,12.69,329.61038961,2,2021-12-05,2021-12-05
AskJuno-LG-02-Sep-21,AskJuno-LG-KA-02-Sep-21,AskJuno-KA-Image-02-Sep-21,55-64,male,LEAD_GENERATION,2021-12-05,221,253,1.1447963800905,70.43,,,,3,23.47666667,1.18577075,2,35.215,278.37944664,2,2021-12-05,2021-12-05
AskJuno-LG-02-Sep-21,AskJuno-LG-KA-02-Sep-21,AskJuno-KA-Image-02-Sep-21,55-64,female,LEAD_GENERATION,2021-12-05,28,30,1.0714285714286,11.71,,,,0,,0,,,390.33333333,,2021-12-05,2021-12-05
AskJuno-LG-02-Sep-21,AskJuno-LG-KA-02-Sep-21,AskJuno-KA-Image-02-Sep-21,65+,male,LEAD_GENERATION,2021-12-05,164,180,1.0975609756098,43.52,,,,1,43.52,0.55555556,,,241.77777778,1,2021-12-05,2021-12-05
AskJuno-LG-02-Sep-21,AskJuno-LG-KA-02-Sep-21,AskJuno-KA-Image-02-Sep-21,45-54,unknown,LEAD_GENERATION,2021-12-05,3,3,1,0.58,,,,0,,0,,,193.33333333,,2021-12-05,2021-12-05
AskJuno-LG-02-Sep-21,AskJuno-3-Loc-Industry-02-Dec-21,AskJuno-TN-Image-02-Sep-21-English,35-44,male,LEAD_GENERATION,2021-12-05,718,856,1.1922005571031,230.03223442516,On-Facebook leads,1,230.03223442516,9,25.55913716,1.05140187,3,76.67741148,268.72924582,3,2021-12-05,2021-12-05
AskJuno-LG-02-Sep-21,AskJuno-3-Loc-Industry-02-Dec-21,AskJuno-TN-Image-02-Sep-21-English,55-64,male,LEAD_GENERATION,2021-12-05,167,192,1.1497005988024,86.379573728548,On-Facebook leads,1,86.379573728548,3,28.79319124,1.5625,2,43.18978686,449.89361317,2,2021-12-05,2021-12-05
AskJuno-LG-02-Sep-21,AskJuno-LG-KA-02-Sep-21,AskJuno-KA-Image-02-Sep-21,55-64,unknown,LEAD_GENERATION,2021-12-05,2,2,1,1.04,,,,0,,0,,,520,,2021-12-05,2021-12-05
AskJuno-LG-02-Sep-21,AskJuno-LG-TN-02-Sep-21,AskJuno-TN-Image-04-Sep-21-Tamil,65+,male,LEAD_GENERATION,2021-12-05,152,175,1.1513157894737,47.83,,,,0,,0,,,273.31428571,,2021-12-05,2021-12-05
AskJuno-LG-02-Sep-21,AskJuno-LG-TN-02-Sep-21,AskJuno-TN-Image-04-Sep-21-Tamil,Unknown,unknown,LEAD_GENERATION,2021-12-05,0,0,0,0,,,,0,,,,,,,2021-12-05,2021-12-05
AskJuno-LG-02-Sep-21,AskJuno-LG-TN-02-Sep-21,AskJuno-TN-Image-04-Sep-21-Tamil,25-34,unknown,LEAD_GENERATION,2021-12-05,5,5,1,1.05,,,,0,,0,,,210,,2021-12-05,2021-12-05
AskJuno-LG-02-Sep-21,AskJuno-LG-TN-02-Sep-21,AskJuno-TN-Image-04-Sep-21-Tamil,65+,female,LEAD_GENERATION,2021-12-05,23,25,1.0869565217391,4.58,,,,0,,0,,,183.2,,2021-12-05,2021-12-05
AskJuno-LG-02-Sep-21,AskJuno-LG-TN-02-Sep-21,AskJuno-TN-Image-04-Sep-21-Tamil,45-54,male,LEAD_GENERATION,2021-12-05,421,480,1.1401425178147,119.91,,,,4,29.9775,0.83333333,2,59.955,249.8125,2,2021-12-05,2021-12-05
AskJuno-LG-02-Sep-21,AskJuno-LG-TN-02-Sep-21,AskJuno-TN-Image-04-Sep-21-Tamil,45-54,female,LEAD_GENERATION,2021-12-05,35,39,1.1142857142857,5.53,,,,1,5.53,2.56410256,,,141.79487179,,2021-12-05,2021-12-05
AskJuno-LG-02-Sep-21,AskJuno-LG-TN-02-Sep-21,AskJuno-TN-Image-04-Sep-21-Tamil,25-34,male,LEAD_GENERATION,2021-12-05,1272,1355,1.065251572327,248.57,,,,10,24.857,0.73800738,5,49.714,183.44649446,6,2021-12-05,2021-12-05
AskJuno-LG-02-Sep-21,AskJuno-LG-TN-02-Sep-21,AskJuno-TN-Image-04-Sep-21-Tamil,55-64,male,LEAD_GENERATION,2021-12-05,266,310,1.1654135338346,93.46,,,,8,11.6825,2.58064516,7,13.35142857,301.48387097,7,2021-12-05,2021-12-05
AskJuno-LG-02-Sep-21,AskJuno-LG-TN-02-Sep-21,AskJuno-TN-Image-04-Sep-21-Tamil,25-34,female,LEAD_GENERATION,2021-12-05,340,356,1.0470588235294,50.82,,,,2,25.41,0.56179775,1,50.82,142.75280899,1,2021-12-05,2021-12-05
AskJuno-LG-02-Sep-21,AskJuno-3-Loc-Industry-02-Dec-21,AskJuno-TN-Image-02-Sep-21-English,35-44,female,LEAD_GENERATION,2021-12-05,51,62,1.2156862745098,37.045528494533,,,,1,37.04552849,1.61290323,1,37.04552849,597.50852411,1,2021-12-05,2021-12-05
AskJuno-LG-02-Sep-21,AskJuno-LG-TN-02-Sep-21,AskJuno-TN-Image-04-Sep-21-Tamil,35-44,male,LEAD_GENERATION,2021-12-05,707,819,1.1584158415842,222.33,On-Facebook leads,2,111.165,15,14.822,1.83150183,8,27.79125,271.46520147,10,2021-12-05,2021-12-05
AskJuno-LG-02-Sep-21,AskJuno-LG-TN-02-Sep-21,AskJuno-TN-Image-04-Sep-21-Tamil,35-44,female,LEAD_GENERATION,2021-12-05,88,96,1.0909090909091,25.81,,,,0,,0,,,268.85416667,,2021-12-05,2021-12-05
AskJuno-LG-02-Sep-21,AskJuno-LG-TN-02-Sep-21,AskJuno-TN-Image-04-Sep-21-Tamil,55-64,female,LEAD_GENERATION,2021-12-05,23,25,1.0869565217391,7.16,,,,0,,0,,,286.4,,2021-12-05,2021-12-05
AskJuno-LG-02-Sep-21,AskJuno-LG-TN-02-Sep-21,AskJuno-TN-Image-04-Sep-21-Tamil,55-64,unknown,LEAD_GENERATION,2021-12-05,2,2,1,0.25,,,,0,,0,,,125,,2021-12-05,2021-12-05
AskJuno-LG-02-Sep-21,AskJuno-LG-TN-02-Sep-21,AskJuno-TN-Image-04-Sep-21-Tamil,13-17,male,LEAD_GENERATION,2021-12-05,1,1,1,0.01,,,,0,,0,,,10,,2021-12-05,2021-12-05
AskJuno-LG-02-Sep-21,AskJuno-LG-TN-02-Sep-21,AskJuno-TN-Image-04-Sep-21-Tamil,35-44,unknown,LEAD_GENERATION,2021-12-05,4,4,1,0.24,,,,0,,0,,,60,,2021-12-05,2021-12-05
AskJuno-LG-02-Sep-21,AskJuno-3-Loc-Industry-02-Dec-21,AskJuno-TN-Image-02-Sep-21-English,25-34,unknown,LEAD_GENERATION,2021-12-05,1,1,1,0.22997224166647,,,,0,,0,,,229.97224167,,2021-12-05,2021-12-05
AskJuno-LG-02-Sep-21,AskJuno-3-Loc-Industry-02-Dec-21,AskJuno-TN-Image-02-Sep-21-English,45-54,female,LEAD_GENERATION,2021-12-05,16,18,1.125,7.8990465615873,,,,0,,0,,,438.83592009,,2021-12-05,2021-12-05
AskJuno-LG-02-Sep-21,AskJuno-LG-KA-02-Sep-21,AskJuno-KA-Image-02-Sep-21,35-44,unknown,LEAD_GENERATION,2021-12-05,3,3,1,13.05,,,,0,,0,,,4350,,2021-12-05,2021-12-05
AskJuno-LG-02-Sep-21,AskJuno-LG-KA-02-Sep-21,AskJuno-KA-Image-02-Sep-21,25-34,female,LEAD_GENERATION,2021-12-05,106,118,1.1132075471698,73.64,On-Facebook leads,1,73.64,3,24.54666667,2.54237288,2,36.82,624.06779661,2,2021-12-05,2021-12-05
AskJuno-LG-02-Sep-21,AskJuno-LG-KA-02-Sep-21,AskJuno-KA-Image-02-Sep-21,45-54,female,LEAD_GENERATION,2021-12-05,52,57,1.0961538461538,13.94,,,,0,,0,,,244.56140351,,2021-12-05,2021-12-05
AskJuno-LG-02-Sep-21,AskJuno-3-Loc-Industry-02-Dec-21,AskJuno-TN-Image-02-Sep-21-English,Unknown,unknown,LEAD_GENERATION,2021-12-05,0,0,0,0,,,,0,,,,,,,2021-12-05,2021-12-05
AskJuno-LG-02-Sep-21,AskJuno-3-Loc-Industry-02-Dec-21,AskJuno-TN-Image-02-Sep-21-English,65+,female,LEAD_GENERATION,2021-12-05,2,2,1,0.3299601728258,,,,0,,0,,,164.98008641,,2021-12-05,2021-12-05
AskJuno-LG-02-Sep-21,AskJuno-3-Loc-Industry-02-Dec-21,AskJuno-TN-Image-02-Sep-21-English,35-44,unknown,LEAD_GENERATION,2021-12-05,1,1,1,0.079990344927466,,,,0,,0,,,79.99034493,,2021-12-05,2021-12-05
AskJuno-LG-02-Sep-21,AskJuno-3-Loc-Industry-02-Dec-21,AskJuno-TN-Image-02-Sep-21-English,65+,male,LEAD_GENERATION,2021-12-03,25,25,1,12.54,,,,0,,0,,,501.6,,2021-12-03,2021-12-03
AskJuno-LG-02-Sep-21,AskJuno-LG-TN-02-Sep-21,AskJuno-TN-Image-04-Sep-21-Tamil,35-44,unknown,LEAD_GENERATION,2021-12-03,1,1,1,0.02,,,,0,,0,,,20,,2021-12-03,2021-12-03
AskJuno-LG-02-Sep-21,AskJuno-3-Loc-Industry-02-Dec-21,AskJuno-TN-Image-02-Sep-21-English,65+,unknown,LEAD_GENERATION,2021-12-03,1,1,1,0.02,,,,0,,0,,,20,,2021-12-03,2021-12-03
AskJuno-LG-02-Sep-21,AskJuno-3-Loc-Industry-02-Dec-21,AskJuno-TN-Image-02-Sep-21-English,55-64,unknown,LEAD_GENERATION,2021-12-03,1,2,2,0.54,,,,0,,0,,,270,,2021-12-03,2021-12-03
AskJuno-LG-02-Sep-21,AskJuno-3-Loc-Industry-02-Dec-21,AskJuno-TN-Image-02-Sep-21-English,65+,female,LEAD_GENERATION,2021-12-03,2,2,1,1.23,,,,0,,0,,,615,,2021-12-03,2021-12-03
AskJuno-LG-02-Sep-21,AskJuno-LG-KA-02-Sep-21,AskJuno-KA-Image-02-Sep-21,35-44,female,LEAD_GENERATION,2021-12-03,17,18,1.0588235294118,6.49,,,,0,,0,,,360.55555556,,2021-12-03,2021-12-03
AskJuno-LG-02-Sep-21,AskJuno-LG-KA-02-Sep-21,AskJuno-KA-Image-02-Sep-21,35-44,male,LEAD_GENERATION,2021-12-03,97,102,1.0515463917526,91.7,,,,2,45.85,1.96078431,1,91.7,899.01960784,2,2021-12-03,2021-12-03
AskJuno-LG-02-Sep-21,AskJuno-LG-KA-02-Sep-21,AskJuno-KA-Image-02-Sep-21,45-54,male,LEAD_GENERATION,2021-12-03,69,73,1.0579710144928,34.29,,,,2,17.145,2.73972603,2,17.145,469.7260274,2,2021-12-03,2021-12-03
AskJuno-LG-02-Sep-21,AskJuno-LG-KA-02-Sep-21,AskJuno-KA-Image-02-Sep-21,25-34,male,LEAD_GENERATION,2021-12-03,148,154,1.0405405405405,46.4,,,,3,15.46666667,1.94805195,,,301.2987013,,2021-12-03,2021-12-03
AskJuno-LG-02-Sep-21,AskJuno-LG-KA-02-Sep-21,AskJuno-KA-Image-02-Sep-21,55-64,male,LEAD_GENERATION,2021-12-03,54,56,1.037037037037,17.89,,,,0,,0,,,319.46428571,,2021-12-03,2021-12-03
AskJuno-LG-02-Sep-21,AskJuno-LG-KA-02-Sep-21,AskJuno-KA-Image-02-Sep-21,65+,male,LEAD_GENERATION,2021-12-03,38,41,1.0789473684211,8.87,,,,0,,0,,,216.34146341,,2021-12-03,2021-12-03
AskJuno-LG-02-Sep-21,AskJuno-LG-KA-02-Sep-21,AskJuno-KA-Image-02-Sep-21,55-64,female,LEAD_GENERATION,2021-12-03,5,6,1.2,1.84,,,,0,,0,,,306.66666667,,2021-12-03,2021-12-03
AskJuno-LG-02-Sep-21,AskJuno-LG-KA-02-Sep-21,AskJuno-KA-Image-02-Sep-21,25-34,female,LEAD_GENERATION,2021-12-03,17,19,1.1176470588235,7.27,,,,2,3.635,10.52631579,1,7.27,382.63157895,1,2021-12-03,2021-12-03
AskJuno-LG-02-Sep-21,AskJuno-3-Loc-Industry-02-Dec-21,AskJuno-TN-Image-02-Sep-21-English,35-44,male,LEAD_GENERATION,2021-12-03,159,164,1.0314465408805,45.99,,,,4,11.4975,2.43902439,1,45.99,280.42682927,3,2021-12-03,2021-12-03
AskJuno-LG-02-Sep-21,AskJuno-LG-KA-02-Sep-21,AskJuno-KA-Image-02-Sep-21,45-54,female,LEAD_GENERATION,2021-12-03,5,6,1.2,3.11,,,,0,,0,,,518.33333333,,2021-12-03,2021-12-03
AskJuno-LG-02-Sep-21,AskJuno-3-Loc-Industry-02-Dec-21,AskJuno-TN-Image-02-Sep-21-English,45-54,male,LEAD_GENERATION,2021-12-03,58,60,1.0344827586207,22.49,,,,0,,0,,,374.83333333,,2021-12-03,2021-12-03
AskJuno-LG-02-Sep-21,AskJuno-LG-KA-02-Sep-21,AskJuno-KA-Image-02-Sep-21,65+,female,LEAD_GENERATION,2021-12-03,5,5,1,2.44,,,,0,,0,,,488,,2021-12-03,2021-12-03
AskJuno-LG-02-Sep-21,AskJuno-LG-TN-02-Sep-21,AskJuno-TN-Image-04-Sep-21-Tamil,55-64,female,LEAD_GENERATION,2021-12-03,1,1,1,0.09,,,,0,,0,,,90,,2021-12-03,2021-12-03
AskJuno-LG-02-Sep-21,AskJuno-LG-TN-02-Sep-21,AskJuno-TN-Image-04-Sep-21-Tamil,45-54,female,LEAD_GENERATION,2021-12-03,9,9,1,2.02,,,,0,,0,,,224.44444444,,2021-12-03,2021-12-03
AskJuno-LG-02-Sep-21,AskJuno-3-Loc-Industry-02-Dec-21,AskJuno-TN-Image-02-Sep-21-English,25-34,female,LEAD_GENERATION,2021-12-03,31,33,1.0645161290323,11.39,,,,0,,0,,,345.15151515,,2021-12-03,2021-12-03
AskJuno-LG-02-Sep-21,AskJuno-3-Loc-Industry-02-Dec-21,AskJuno-TN-Image-02-Sep-21-English,25-34,male,LEAD_GENERATION,2021-12-03,297,314,1.0572390572391,93.2,,,,5,18.64,1.59235669,3,31.06666667,296.81528662,3,2021-12-03,2021-12-03
AskJuno-LG-02-Sep-21,AskJuno-3-Loc-Industry-02-Dec-21,AskJuno-TN-Image-02-Sep-21-English,55-64,male,LEAD_GENERATION,2021-12-03,41,47,1.1463414634146,33.07,,,,2,16.535,4.25531915,2,16.535,703.61702128,2,2021-12-03,2021-12-03
AskJuno-LG-02-Sep-21,AskJuno-LG-TN-02-Sep-21,AskJuno-TN-Image-04-Sep-21-Tamil,65+,female,LEAD_GENERATION,2021-12-03,2,2,1,3.25,,,,0,,0,,,1625,,2021-12-03,2021-12-03
AskJuno-LG-02-Sep-21,AskJuno-3-Loc-Industry-02-Dec-21,AskJuno-TN-Image-02-Sep-21-English,55-64,female,LEAD_GENERATION,2021-12-03,5,5,1,1.98,,,,0,,0,,,396,,2021-12-03,2021-12-03
AskJuno-LG-02-Sep-21,AskJuno-3-Loc-Industry-02-Dec-21,AskJuno-TN-Image-02-Sep-21-English,35-44,female,LEAD_GENERATION,2021-12-03,19,20,1.0526315789474,7.53,,,,0,,0,,,376.5,,2021-12-03,2021-12-03
AskJuno-LG-02-Sep-21,AskJuno-3-Loc-Industry-02-Dec-21,AskJuno-TN-Image-02-Sep-21-English,45-54,female,LEAD_GENERATION,2021-12-03,6,6,1,1.57,,,,0,,0,,,261.66666667,,2021-12-03,2021-12-03
AskJuno-LG-02-Sep-21,AskJuno-LG-TN-02-Sep-21,AskJuno-TN-Image-04-Sep-21-Tamil,35-44,female,LEAD_GENERATION,2021-12-03,9,10,1.1111111111111,11.71,On-Facebook leads,1,11.71,2,5.855,20,1,11.71,1171,1,2021-12-03,2021-12-03
AskJuno-LG-02-Sep-21,AskJuno-LG-TN-02-Sep-21,AskJuno-TN-Image-04-Sep-21-Tamil,25-34,female,LEAD_GENERATION,2021-12-03,34,35,1.0294117647059,12.16,,,,1,12.16,2.85714286,1,12.16,347.42857143,1,2021-12-03,2021-12-03
AskJuno-LG-02-Sep-21,AskJuno-LG-TN-02-Sep-21,AskJuno-TN-Image-04-Sep-21-Tamil,65+,male,LEAD_GENERATION,2021-12-03,40,42,1.05,13.94,,,,0,,0,,,331.9047619,,2021-12-03,2021-12-03
AskJuno-LG-02-Sep-21,AskJuno-LG-TN-02-Sep-21,AskJuno-TN-Image-04-Sep-21-Tamil,45-54,male,LEAD_GENERATION,2021-12-03,43,49,1.1395348837209,25.56,,,,2,12.78,4.08163265,,,521.63265306,2,2021-12-03,2021-12-03
AskJuno-LG-02-Sep-21,AskJuno-LG-TN-02-Sep-21,AskJuno-TN-Image-04-Sep-21-Tamil,25-34,male,LEAD_GENERATION,2021-12-03,256,266,1.0390625,74.17,On-Facebook leads,3,24.723333333333,9,8.24111111,3.38345865,5,14.834,278.83458647,6,2021-12-03,2021-12-03
AskJuno-LG-02-Sep-21,AskJuno-LG-TN-02-Sep-21,AskJuno-TN-Image-04-Sep-21-Tamil,35-44,male,LEAD_GENERATION,2021-12-03,99,103,1.040404040404,47.72,,,,0,,0,,,463.30097087,,2021-12-03,2021-12-03
AskJuno-LG-02-Sep-21,AskJuno-LG-TN-02-Sep-21,AskJuno-TN-Image-04-Sep-21-Tamil,55-64,male,LEAD_GENERATION,2021-12-03,38,43,1.1315789473684,36.4,On-Facebook leads,1,36.4,3,12.13333333,6.97674419,2,18.2,846.51162791,2,2021-12-03,2021-12-03
AskJuno-LG-02-Sep-21,AskJuno-LG-KA-02-Sep-21,AskJuno-KA-Image-02-Sep-21,45-54,female,LEAD_GENERATION,2021-12-02,26,28,1.0769230769231,4.91,,,,0,,0,,,175.35714286,,2021-12-02,2021-12-02
AskJuno-LG-02-Sep-21,AskJuno-LG-KA-02-Sep-21,AskJuno-KA-Image-02-Sep-21,65+,male,LEAD_GENERATION,2021-12-02,143,149,1.041958041958,40.23,,,,1,40.23,0.67114094,1,40.23,270,1,2021-12-02,2021-12-02
AskJuno-LG-02-Sep-21,AskJuno-LG-KA-02-Sep-21,AskJuno-KA-Image-02-Sep-21,65+,female,LEAD_GENERATION,2021-12-02,25,26,1.04,12.29,On-Facebook leads,1,12.29,2,6.145,7.69230769,1,12.29,472.69230769,1,2021-12-02,2021-12-02
AskJuno-LG-02-Sep-21,AskJuno-LG-KA-02-Sep-21,AskJuno-KA-Image-02-Sep-21,45-54,male,LEAD_GENERATION,2021-12-02,157,161,1.0254777070064,77.08,On-Facebook leads,1,77.08,3,25.69333333,1.86335404,2,38.54,478.75776398,2,2021-12-02,2021-12-02
AskJuno-LG-02-Sep-21,AskJuno-LG-KA-02-Sep-21,AskJuno-KA-Image-02-Sep-21,25-34,male,LEAD_GENERATION,2021-12-02,288,313,1.0868055555556,108.83,On-Facebook leads,1,108.83,4,27.2075,1.27795527,1,108.83,347.69968051,2,2021-12-02,2021-12-02
AskJuno-LG-02-Sep-21,AskJuno-LG-KA-02-Sep-21,AskJuno-KA-Image-02-Sep-21,55-64,male,LEAD_GENERATION,2021-12-02,143,156,1.0909090909091,59.11,,,,2,29.555,1.28205128,,,378.91025641,1,2021-12-02,2021-12-02
AskJuno-LG-02-Sep-21,AskJuno-LG-KA-02-Sep-21,AskJuno-KA-Image-02-Sep-21,55-64,female,LEAD_GENERATION,2021-12-02,29,29,1,10.54,,,,0,,0,,,363.44827586,,2021-12-02,2021-12-02
AskJuno-LG-02-Sep-21,AskJuno-LG-KA-02-Sep-21,AskJuno-KA-Image-02-Sep-21,Unknown,unknown,LEAD_GENERATION,2021-12-02,0,0,0,0,,,,0,,,,,,,2021-12-02,2021-12-02
AskJuno-LG-02-Sep-21,AskJuno-LG-KA-02-Sep-21,AskJuno-KA-Image-02-Sep-21,35-44,male,LEAD_GENERATION,2021-12-02,206,221,1.0728155339806,128.58,,,,1,128.58,0.45248869,,,581.80995475,,2021-12-02,2021-12-02
AskJuno-LG-02-Sep-21,AskJuno-3-Loc-Industry-02-Dec-21,AskJuno-TN-Image-02-Sep-21-English,55-64,female,LEAD_GENERATION,2021-12-02,10,10,1,1.35,,,,0,,0,,,135,,2021-12-02,2021-12-02
AskJuno-LG-02-Sep-21,AskJuno-3-Loc-Industry-02-Dec-21,AskJuno-TN-Image-02-Sep-21-English,35-44,unknown,LEAD_GENERATION,2021-12-02,2,2,1,0.28,,,,0,,0,,,140,,2021-12-02,2021-12-02
AskJuno-LG-02-Sep-21,AskJuno-LG-TN-02-Sep-21,AskJuno-TN-Image-04-Sep-21-Tamil,65+,male,LEAD_GENERATION,2021-12-02,106,117,1.1037735849057,27.258934201716,,,,1,27.2589342,0.85470085,,,232.9823436,1,2021-12-02,2021-12-02
AskJuno-LG-02-Sep-21,AskJuno-LG-TN-02-Sep-21,AskJuno-TN-Image-04-Sep-21-Tamil,Unknown,unknown,LEAD_GENERATION,2021-12-02,0,0,0,0,,,,0,,,,,,,2021-12-02,2021-12-02
AskJuno-LG-02-Sep-21,AskJuno-LG-TN-02-Sep-21,AskJuno-TN-Image-04-Sep-21-Tamil,65+,female,LEAD_GENERATION,2021-12-02,12,12,1,1.1095495769676,,,,1,1.10954958,8.33333333,1,1.10954958,92.46246475,1,2021-12-02,2021-12-02
AskJuno-LG-02-Sep-21,AskJuno-LG-TN-02-Sep-21,AskJuno-TN-Image-04-Sep-21-Tamil,25-34,unknown,LEAD_GENERATION,2021-12-02,4,4,1,1.3794400146083,,,,0,,0,,,344.86000365,,2021-12-02,2021-12-02
AskJuno-LG-02-Sep-21,AskJuno-LG-TN-02-Sep-21,AskJuno-TN-Image-04-Sep-21-Tamil,45-54,female,LEAD_GENERATION,2021-12-02,21,22,1.047619047619,5.3678209264106,,,,0,,0,,,243.99186029,,2021-12-02,2021-12-02
AskJuno-LG-02-Sep-21,AskJuno-LG-TN-02-Sep-21,AskJuno-TN-Image-04-Sep-21-Tamil,55-64,female,LEAD_GENERATION,2021-12-02,24,28,1.1666666666667,4.5681455556232,,,,0,,0,,,163.14805556,,2021-12-02,2021-12-02
AskJuno-LG-02-Sep-21,AskJuno-LG-TN-02-Sep-21,AskJuno-TN-Image-04-Sep-21-Tamil,55-64,male,LEAD_GENERATION,2021-12-02,185,202,1.0918918918919,74.679683689411,,,,3,24.8932279,1.48514851,2,37.33984184,369.7014044,2,2021-12-02,2021-12-02
AskJuno-LG-02-Sep-21,AskJuno-LG-TN-02-Sep-21,AskJuno-TN-Image-04-Sep-21-Tamil,45-54,male,LEAD_GENERATION,2021-12-02,171,190,1.1111111111111,68.022386227606,,,,3,22.67412874,1.57894737,3,22.67412874,358.01255909,3,2021-12-02,2021-12-02
AskJuno-LG-02-Sep-21,AskJuno-LG-TN-02-Sep-21,AskJuno-TN-Image-04-Sep-21-Tamil,25-34,male,LEAD_GENERATION,2021-12-02,595,623,1.0470588235294,167.7718927912,,,,1,167.77189279,0.16051364,1,167.77189279,269.29677816,1,2021-12-02,2021-12-02
AskJuno-LG-02-Sep-21,AskJuno-LG-TN-02-Sep-21,AskJuno-TN-Image-04-Sep-21-Tamil,35-44,female,LEAD_GENERATION,2021-12-02,33,35,1.0606060606061,7.7868389230426,,,,0,,0,,,222.48111209,,2021-12-02,2021-12-02
AskJuno-LG-02-Sep-21,AskJuno-LG-TN-02-Sep-21,AskJuno-TN-Image-04-Sep-21-Tamil,25-34,female,LEAD_GENERATION,2021-12-02,208,211,1.0144230769231,50.209617343316,On-Facebook leads,1,50.209617343316,4,12.55240434,1.8957346,1,50.20961734,237.96027177,1,2021-12-02,2021-12-02
AskJuno-LG-02-Sep-21,AskJuno-LG-TN-02-Sep-21,AskJuno-TN-Image-04-Sep-21-Tamil,35-44,male,LEAD_GENERATION,2021-12-02,225,245,1.0888888888889,84.515690750096,On-Facebook leads,1,84.515690750096,5,16.90313815,2.04081633,3,28.17189692,344.96200306,3,2021-12-02,2021-12-02
AskJuno-LG-02-Sep-21,AskJuno-3-Loc-Industry-02-Dec-21,AskJuno-TN-Image-02-Sep-21-English,35-44,female,LEAD_GENERATION,2021-12-02,36,38,1.0555555555556,11.54,,,,0,,0,,,303.68421053,,2021-12-02,2021-12-02
AskJuno-LG-02-Sep-21,AskJuno-3-Loc-Industry-02-Dec-21,AskJuno-TN-Image-02-Sep-21-English,45-54,unknown,LEAD_GENERATION,2021-12-02,1,1,1,0.16,,,,0,,0,,,160,,2021-12-02,2021-12-02
AskJuno-LG-02-Sep-21,AskJuno-LG-KA-02-Sep-21,AskJuno-KA-Image-02-Sep-21,35-44,female,LEAD_GENERATION,2021-12-02,35,38,1.0857142857143,42.96,,,,1,42.96,2.63157895,1,42.96,1130.52631579,1,2021-12-02,2021-12-02
AskJuno-LG-02-Sep-21,AskJuno-3-Loc-Industry-02-Dec-21,AskJuno-TN-Image-02-Sep-21-English,25-34,unknown,LEAD_GENERATION,2021-12-02,2,3,1.5,0.48,,,,0,,0,,,160,,2021-12-02,2021-12-02
AskJuno-LG-02-Sep-21,AskJuno-3-Loc-Industry-02-Dec-21,AskJuno-TN-Image-02-Sep-21-English,45-54,female,LEAD_GENERATION,2021-12-02,16,16,1,4.38,,,,1,4.38,6.25,1,4.38,273.75,1,2021-12-02,2021-12-02
AskJuno-LG-02-Sep-21,AskJuno-3-Loc-Industry-02-Dec-21,AskJuno-TN-Image-02-Sep-21-English,65+,female,LEAD_GENERATION,2021-12-02,4,4,1,1.4,,,,0,,0,,,350,,2021-12-02,2021-12-02
AskJuno-LG-02-Sep-21,AskJuno-3-Loc-Industry-02-Dec-21,AskJuno-TN-Image-02-Sep-21-English,55-64,male,LEAD_GENERATION,2021-12-02,90,96,1.0666666666667,37.38,,,,1,37.38,1.04166667,1,37.38,389.375,1,2021-12-02,2021-12-02
AskJuno-LG-02-Sep-21,AskJuno-3-Loc-Industry-02-Dec-21,AskJuno-TN-Image-02-Sep-21-English,35-44,male,LEAD_GENERATION,2021-12-02,403,443,1.0992555831266,139.44,,,,1,139.44,0.22573363,1,139.44,314.76297968,2,2021-12-02,2021-12-02
AskJuno-LG-02-Sep-21,AskJuno-3-Loc-Industry-02-Dec-21,AskJuno-TN-Image-02-Sep-21-English,45-54,male,LEAD_GENERATION,2021-12-02,164,175,1.0670731707317,46.57,,,,1,46.57,0.57142857,1,46.57,266.11428571,1,2021-12-02,2021-12-02
AskJuno-LG-02-Sep-21,AskJuno-3-Loc-Industry-02-Dec-21,AskJuno-TN-Image-02-Sep-21-English,25-34,male,LEAD_GENERATION,2021-12-02,641,719,1.1216848673947,222.66,,,,6,37.11,0.83449235,4,55.665,309.68011127,4,2021-12-02,2021-12-02
AskJuno-LG-02-Sep-21,AskJuno-3-Loc-Industry-02-Dec-21,AskJuno-TN-Image-02-Sep-21-English,25-34,female,LEAD_GENERATION,2021-12-02,65,67,1.0307692307692,33.2,,,,0,,0,,,495.52238806,,2021-12-02,2021-12-02
AskJuno-LG-02-Sep-21,AskJuno-3-Loc-Industry-02-Dec-21,AskJuno-TN-Image-02-Sep-21-English,65+,male,LEAD_GENERATION,2021-12-02,62,68,1.0967741935484,18.16,,,,0,,0,,,267.05882353,,2021-12-02,2021-12-02
AskJuno-LG-02-Sep-21,AskJuno-LG-KA-02-Sep-21,AskJuno-KA-Image-02-Sep-21,25-34,female,LEAD_GENERATION,2021-12-02,44,45,1.0227272727273,19.95,,,,0,,0,,,443.33333333,,2021-12-02,2021-12-02
AskJuno-LG-02-Sep-21,AskJuno-LG-TN-Industry-30-Nov-21,AskJuno-TN-Image-04-Sep-21-Tamil,65+,male,LEAD_GENERATION,2021-12-02,20,21,1.05,5.18,,,,0,,0,,,246.66666667,,2021-12-02,2021-12-02
AskJuno-LG-02-Sep-21,AskJuno-LG-TN-Industry-30-Nov-21,AskJuno-TN-Image-04-Sep-21-Tamil,35-44,female,LEAD_GENERATION,2021-12-02,8,8,1,11.43,On-Facebook leads,1,11.43,2,5.715,25,1,11.43,1428.75,1,2021-12-02,2021-12-02
AskJuno-LG-02-Sep-21,AskJuno-LG-AP-Industry-30-Nov-21,AskJuno-TN-Image-02-Sep-21-English,65+,unknown,LEAD_GENERATION,2021-12-02,1,1,1,0.48,,,,0,,0,,,480,,2021-12-02,2021-12-02
AskJuno-LG-02-Sep-21,AskJuno-LG-KA-02-Sep-21,AskJuno-KA-Image-02-Sep-21,65+,unknown,LEAD_GENERATION,2021-12-02,1,1,1,0.32,,,,0,,0,,,320,,2021-12-02,2021-12-02
AskJuno-LG-02-Sep-21,AskJuno-LG-AP-Industry-30-Nov-21,AskJuno-TN-Image-02-Sep-21-English,45-54,female,LEAD_GENERATION,2021-12-02,2,2,1,0.62,,,,0,,0,,,310,,2021-12-02,2021-12-02
AskJuno-LG-02-Sep-21,AskJuno-LG-AP-Industry-30-Nov-21,AskJuno-TN-Image-02-Sep-21-English,35-44,female,LEAD_GENERATION,2021-12-02,5,5,1,1.47,,,,0,,0,,,294,,2021-12-02,2021-12-02
AskJuno-LG-02-Sep-21,AskJuno-LG-AP-Industry-30-Nov-21,AskJuno-TN-Image-02-Sep-21-English,65+,male,LEAD_GENERATION,2021-12-02,10,10,1,3.25,,,,0,,0,,,325,,2021-12-02,2021-12-02
AskJuno-LG-02-Sep-21,AskJuno-LG-AP-Industry-30-Nov-21,AskJuno-TN-Image-02-Sep-21-English,55-64,male,LEAD_GENERATION,2021-12-02,21,21,1,4.75,,,,0,,0,,,226.19047619,,2021-12-02,2021-12-02
AskJuno-LG-02-Sep-21,AskJuno-LG-AP-Industry-30-Nov-21,AskJuno-TN-Image-02-Sep-21-English,45-54,male,LEAD_GENERATION,2021-12-02,33,34,1.030303030303,26.2,,,,1,26.2,2.94117647,1,26.2,770.58823529,1,2021-12-02,2021-12-02
AskJuno-LG-02-Sep-21,AskJuno-LG-AP-Industry-30-Nov-21,AskJuno-TN-Image-02-Sep-21-English,35-44,male,LEAD_GENERATION,2021-12-02,80,84,1.05,56.26,,,,0,,0,,,669.76190476,,2021-12-02,2021-12-02
AskJuno-LG-02-Sep-21,AskJuno-LG-AP-Industry-30-Nov-21,AskJuno-TN-Image-02-Sep-21-English,25-34,male,LEAD_GENERATION,2021-12-02,106,113,1.0660377358491,45.93,,,,0,,0,,,406.46017699,,2021-12-02,2021-12-02
AskJuno-LG-02-Sep-21,AskJuno-LG-AP-Industry-30-Nov-21,AskJuno-TN-Image-02-Sep-21-English,25-34,female,LEAD_GENERATION,2021-12-02,5,5,1,1.59,,,,0,,0,,,318,,2021-12-02,2021-12-02
AskJuno-LG-02-Sep-21,AskJuno-LG-KA-Industry-30-Nov-21,AskJuno-TN-Image-02-Sep-21-English,45-54,female,LEAD_GENERATION,2021-12-02,4,4,1,0.75,,,,0,,0,,,187.5,,2021-12-02,2021-12-02
AskJuno-LG-02-Sep-21,AskJuno-LG-TN-Industry-30-Nov-21,AskJuno-TN-Image-04-Sep-21-Tamil,25-34,male,LEAD_GENERATION,2021-12-02,187,201,1.0748663101604,51.31,,,,2,25.655,0.99502488,,,255.27363184,,2021-12-02,2021-12-02
AskJuno-LG-02-Sep-21,AskJuno-LG-KA-Industry-30-Nov-21,AskJuno-TN-Image-02-Sep-21-English,45-54,unknown,LEAD_GENERATION,2021-12-02,1,1,1,1.71,,,,0,,0,,,1710,,2021-12-02,2021-12-02
AskJuno-LG-02-Sep-21,AskJuno-LG-KA-Industry-30-Nov-21,AskJuno-TN-Image-02-Sep-21-English,55-64,male,LEAD_GENERATION,2021-12-02,25,27,1.08,13.77,,,,0,,0,,,510,,2021-12-02,2021-12-02
AskJuno-LG-02-Sep-21,AskJuno-LG-KA-Industry-30-Nov-21,AskJuno-TN-Image-02-Sep-21-English,25-34,female,LEAD_GENERATION,2021-12-02,25,26,1.04,11.62,,,,0,,0,,,446.92307692,,2021-12-02,2021-12-02
AskJuno-LG-02-Sep-21,AskJuno-LG-KA-Industry-30-Nov-21,AskJuno-TN-Image-02-Sep-21-English,45-54,male,LEAD_GENERATION,2021-12-02,48,54,1.125,19.74,,,,0,,0,,,365.55555556,,2021-12-02,2021-12-02
AskJuno-LG-02-Sep-21,AskJuno-LG-KA-Industry-30-Nov-21,AskJuno-TN-Image-02-Sep-21-English,35-44,male,LEAD_GENERATION,2021-12-02,124,131,1.0564516129032,44.17,,,,0,,0,,,337.17557252,2,2021-12-02,2021-12-02
AskJuno-LG-02-Sep-21,AskJuno-LG-KA-Industry-30-Nov-21,AskJuno-TN-Image-02-Sep-21-English,25-34,male,LEAD_GENERATION,2021-12-02,155,165,1.0645161290323,43.8,,,,1,43.8,0.60606061,1,43.8,265.45454545,1,2021-12-02,2021-12-02
AskJuno-LG-02-Sep-21,AskJuno-LG-KA-Industry-30-Nov-21,AskJuno-TN-Image-02-Sep-21-English,65+,male,LEAD_GENERATION,2021-12-02,19,19,1,8.51,,,,0,,0,,,447.89473684,,2021-12-02,2021-12-02
AskJuno-LG-02-Sep-21,AskJuno-LG-KA-Industry-30-Nov-21,AskJuno-TN-Image-02-Sep-21-English,35-44,female,LEAD_GENERATION,2021-12-02,11,13,1.1818181818182,4.55,,,,0,,0,,,350,,2021-12-02,2021-12-02
AskJuno-LG-02-Sep-21,AskJuno-LG-KA-Industry-30-Nov-21,AskJuno-TN-Image-02-Sep-21-English,65+,female,LEAD_GENERATION,2021-12-02,1,1,1,2.95,,,,0,,0,,,2950,,2021-12-02,2021-12-02
AskJuno-LG-02-Sep-21,AskJuno-LG-KA-Industry-30-Nov-21,AskJuno-TN-Image-02-Sep-21-English,35-44,unknown,LEAD_GENERATION,2021-12-02,1,1,1,0.09,,,,0,,0,,,90,,2021-12-02,2021-12-02
AskJuno-LG-02-Sep-21,AskJuno-LG-TN-Industry-30-Nov-21,AskJuno-TN-Image-04-Sep-21-Tamil,35-44,male,LEAD_GENERATION,2021-12-02,131,143,1.0916030534351,33.6,,,,2,16.8,1.3986014,,,234.96503497,2,2021-12-02,2021-12-02
AskJuno-LG-02-Sep-21,AskJuno-LG-KA-02-Sep-21,AskJuno-KA-Image-02-Sep-21,35-44,unknown,LEAD_GENERATION,2021-12-02,2,2,1,0.48,,,,0,,0,,,240,,2021-12-02,2021-12-02
AskJuno-LG-02-Sep-21,AskJuno-LG-TN-Industry-30-Nov-21,AskJuno-TN-Image-04-Sep-21-Tamil,45-54,female,LEAD_GENERATION,2021-12-02,4,4,1,0.68,,,,0,,0,,,170,,2021-12-02,2021-12-02
AskJuno-LG-02-Sep-21,AskJuno-LG-TN-Industry-30-Nov-21,AskJuno-TN-Image-04-Sep-21-Tamil,55-64,male,LEAD_GENERATION,2021-12-02,49,50,1.0204081632653,16.47,,,,0,,0,,,329.4,,2021-12-02,2021-12-02
AskJuno-LG-02-Sep-21,AskJuno-LG-TN-Industry-30-Nov-21,AskJuno-TN-Image-04-Sep-21-Tamil,45-54,male,LEAD_GENERATION,2021-12-02,71,77,1.0845070422535,17.55,,,,2,8.775,2.5974026,1,17.55,227.92207792,1,2021-12-02,2021-12-02
AskJuno-LG-02-Sep-21,AskJuno-LG-TN-Industry-30-Nov-21,AskJuno-TN-Image-04-Sep-21-Tamil,65+,female,LEAD_GENERATION,2021-12-02,1,1,1,0.1,,,,0,,0,,,100,,2021-12-02,2021-12-02
AskJuno-LG-02-Sep-21,AskJuno-LG-TN-Industry-30-Nov-21,AskJuno-TN-Image-04-Sep-21-Tamil,35-44,unknown,LEAD_GENERATION,2021-12-02,2,2,1,2.18,,,,0,,0,,,1090,,2021-12-02,2021-12-02
AskJuno-LG-02-Sep-21,AskJuno-LG-TN-Industry-30-Nov-21,AskJuno-TN-Image-04-Sep-21-Tamil,25-34,female,LEAD_GENERATION,2021-12-02,17,18,1.0588235294118,6.34,,,,0,,0,,,352.22222222,,2021-12-02,2021-12-02
AskJuno-LG-02-Sep-21,AskJuno-LG-KA-02-Sep-21,AskJuno-KA-Image-02-Sep-21,25-34,unknown,LEAD_GENERATION,2021-12-02,1,1,1,0.32,,,,1,0.32,100,1,0.32,320,1,2021-12-02,2021-12-02
AskJuno-LG-02-Sep-21,AskJuno-LG-TN-Industry-30-Nov-21,AskJuno-TN-Image-04-Sep-21-Tamil,45-54,unknown,LEAD_GENERATION,2021-12-02,2,2,1,0.11,,,,0,,0,,,55,,2021-12-02,2021-12-02
AskJuno-LG-02-Sep-21,AskJuno-LG-TN-Industry-30-Nov-21,AskJuno-TN-Image-04-Sep-21-Tamil,55-64,female,LEAD_GENERATION,2021-12-02,3,3,1,0.72,,,,0,,0,,,240,,2021-12-02,2021-12-02
AskJuno-LG-02-Sep-21,AskJuno-LG-KA-Industry-30-Nov-21,AskJuno-TN-Image-02-Sep-21-English,45-54,male,LEAD_GENERATION,2021-12-01,157,197,1.2547770700637,81.95,,,,0,,0,,,415.98984772,,2021-12-01,2021-12-01
AskJuno-LG-02-Sep-21,AskJuno-LG-KA-Industry-30-Nov-21,AskJuno-TN-Image-02-Sep-21-English,55-64,male,LEAD_GENERATION,2021-12-01,80,91,1.1375,33.14,,,,1,33.14,1.0989011,1,33.14,364.17582418,1,2021-12-01,2021-12-01
AskJuno-LG-02-Sep-21,AskJuno-LG-KA-Industry-30-Nov-21,AskJuno-TN-Image-02-Sep-21-English,25-34,male,LEAD_GENERATION,2021-12-01,529,681,1.2873345935728,169.12,,,,1,169.12,0.14684288,1,169.12,248.34067548,1,2021-12-01,2021-12-01
AskJuno-LG-02-Sep-21,AskJuno-LG-KA-Industry-30-Nov-21,AskJuno-TN-Image-02-Sep-21-English,35-44,male,LEAD_GENERATION,2021-12-01,318,408,1.2830188679245,163.86,,,,5,32.772,1.2254902,3,54.62,401.61764706,3,2021-12-01,2021-12-01
AskJuno-LG-02-Sep-21,AskJuno-LG-KA-Industry-30-Nov-21,AskJuno-TN-Image-02-Sep-21-English,65+,female,LEAD_GENERATION,2021-12-01,7,7,1,3.1,,,,0,,0,,,442.85714286,,2021-12-01,2021-12-01
AskJuno-LG-02-Sep-21,AskJuno-LG-KA-Industry-30-Nov-21,AskJuno-TN-Image-02-Sep-21-English,45-54,female,LEAD_GENERATION,2021-12-01,10,12,1.2,3.96,,,,0,,0,,,330,,2021-12-01,2021-12-01
AskJuno-LG-02-Sep-21,AskJuno-LG-KA-Industry-30-Nov-21,AskJuno-TN-Image-02-Sep-21-English,25-34,female,LEAD_GENERATION,2021-12-01,74,92,1.2432432432432,26.18,,,,1,26.18,1.08695652,,,284.56521739,,2021-12-01,2021-12-01
AskJuno-LG-02-Sep-21,AskJuno-LG-KA-Industry-30-Nov-21,AskJuno-TN-Image-02-Sep-21-English,65+,male,LEAD_GENERATION,2021-12-01,71,87,1.2253521126761,27.65,,,,1,27.65,1.14942529,,,317.81609195,1,2021-12-01,2021-12-01
AskJuno-LG-02-Sep-21,AskJuno-LG-TN-Industry-30-Nov-21,AskJuno-TN-Image-04-Sep-21-Tamil,45-54,male,LEAD_GENERATION,2021-12-01,187,219,1.1711229946524,64.85,,,,0,,0,,,296.11872146,,2021-12-01,2021-12-01
AskJuno-LG-02-Sep-21,AskJuno-LG-TN-Industry-30-Nov-21,AskJuno-TN-Image-04-Sep-21-Tamil,25-34,female,LEAD_GENERATION,2021-12-01,69,89,1.2898550724638,27.2,,,,0,,0,,,305.61797753,,2021-12-01,2021-12-01
AskJuno-LG-02-Sep-21,AskJuno-LG-TN-Industry-30-Nov-21,AskJuno-TN-Image-04-Sep-21-Tamil,65+,male,LEAD_GENERATION,2021-12-01,66,76,1.1515151515152,25.96,,,,0,,0,,,341.57894737,,2021-12-01,2021-12-01
AskJuno-LG-02-Sep-21,AskJuno-LG-TN-Industry-30-Nov-21,AskJuno-TN-Image-04-Sep-21-Tamil,45-54,female,LEAD_GENERATION,2021-12-01,29,35,1.2068965517241,8.8,,,,0,,0,,,251.42857143,,2021-12-01,2021-12-01
AskJuno-LG-02-Sep-21,AskJuno-LG-TN-Industry-30-Nov-21,AskJuno-TN-Image-04-Sep-21-Tamil,35-44,unknown,LEAD_GENERATION,2021-12-01,1,1,1,0.47,,,,0,,0,,,470,,2021-12-01,2021-12-01
AskJuno-LG-02-Sep-21,AskJuno-LG-KA-Industry-30-Nov-21,AskJuno-TN-Image-02-Sep-21-English,35-44,female,LEAD_GENERATION,2021-12-01,36,45,1.25,22.22,,,,0,,0,,,493.77777778,,2021-12-01,2021-12-01
AskJuno-LG-02-Sep-21,AskJuno-LG-KA-Industry-30-Nov-21,AskJuno-TN-Image-02-Sep-21-English,55-64,unknown,LEAD_GENERATION,2021-12-01,1,2,2,1.56,,,,0,,0,,,780,,2021-12-01,2021-12-01
AskJuno-LG-02-Sep-21,AskJuno-LG-KA-Industry-30-Nov-21,AskJuno-TN-Image-02-Sep-21-English,55-64,female,LEAD_GENERATION,2021-12-01,10,13,1.3,4.62,,,,0,,0,,,355.38461538,,2021-12-01,2021-12-01
AskJuno-LG-02-Sep-21,AskJuno-LG-TN-Industry-30-Nov-21,AskJuno-TN-Image-04-Sep-21-Tamil,55-64,male,LEAD_GENERATION,2021-12-01,121,145,1.198347107438,47.51,,,,1,47.51,0.68965517,1,47.51,327.65517241,1,2021-12-01,2021-12-01
AskJuno-LG-02-Sep-21,AskJuno-LG-TN-Industry-30-Nov-21,AskJuno-TN-Image-04-Sep-21-Tamil,25-34,male,LEAD_GENERATION,2021-12-01,597,755,1.2646566164154,195.69,,,,7,27.95571429,0.92715232,6,32.615,259.19205298,6,2021-12-01,2021-12-01
AskJuno-LG-02-Sep-21,AskJuno-LG-AP-Industry-30-Nov-21,AskJuno-TN-Image-02-Sep-21-English,25-34,male,LEAD_GENERATION,2021-12-01,536,688,1.2835820895522,228.72,,,,5,45.744,0.72674419,1,228.72,332.44186047,2,2021-12-01,2021-12-01
AskJuno-LG-02-Sep-21,AskJuno-LG-AP-Industry-30-Nov-21,AskJuno-TN-Image-02-Sep-21-English,45-54,unknown,LEAD_GENERATION,2021-12-01,1,1,1,0.16,,,,0,,0,,,160,,2021-12-01,2021-12-01
AskJuno-LG-02-Sep-21,AskJuno-LG-AP-Industry-30-Nov-21,AskJuno-TN-Image-02-Sep-21-English,65+,female,LEAD_GENERATION,2021-12-01,2,4,2,1.05,,,,0,,0,,,262.5,,2021-12-01,2021-12-01
AskJuno-LG-02-Sep-21,AskJuno-LG-AP-Industry-30-Nov-21,AskJuno-TN-Image-02-Sep-21-English,25-34,unknown,LEAD_GENERATION,2021-12-01,2,3,1.5,0.93,,,,0,,0,,,310,,2021-12-01,2021-12-01
AskJuno-LG-02-Sep-21,AskJuno-LG-AP-Industry-30-Nov-21,AskJuno-TN-Image-02-Sep-21-English,55-64,female,LEAD_GENERATION,2021-12-01,7,8,1.1428571428571,1.53,,,,0,,0,,,191.25,,2021-12-01,2021-12-01
AskJuno-LG-02-Sep-21,AskJuno-LG-AP-Industry-30-Nov-21,AskJuno-TN-Image-02-Sep-21-English,25-34,female,LEAD_GENERATION,2021-12-01,52,59,1.1346153846154,18.12,,,,0,,0,,,307.11864407,,2021-12-01,2021-12-01
AskJuno-LG-02-Sep-21,AskJuno-LG-AP-Industry-30-Nov-21,AskJuno-TN-Image-02-Sep-21-English,35-44,female,LEAD_GENERATION,2021-12-01,37,44,1.1891891891892,22.05,,,,0,,0,,,501.13636364,,2021-12-01,2021-12-01
AskJuno-LG-02-Sep-21,AskJuno-LG-AP-Industry-30-Nov-21,AskJuno-TN-Image-02-Sep-21-English,45-54,male,LEAD_GENERATION,2021-12-01,191,236,1.2356020942408,64.07,,,,2,32.035,0.84745763,1,64.07,271.48305085,2,2021-12-01,2021-12-01
AskJuno-LG-02-Sep-21,AskJuno-LG-AP-Industry-30-Nov-21,AskJuno-TN-Image-02-Sep-21-English,35-44,male,LEAD_GENERATION,2021-12-01,391,511,1.306905370844,135.21,,,,3,45.07,0.58708415,,,264.59882583,2,2021-12-01,2021-12-01
AskJuno-LG-02-Sep-21,AskJuno-LG-AP-Industry-30-Nov-21,AskJuno-TN-Image-02-Sep-21-English,65+,male,LEAD_GENERATION,2021-12-01,75,96,1.28,20.02,,,,0,,0,,,208.54166667,,2021-12-01,2021-12-01
AskJuno-LG-02-Sep-21,AskJuno-LG-TN-Industry-30-Nov-21,AskJuno-TN-Image-04-Sep-21-Tamil,35-44,male,LEAD_GENERATION,2021-12-01,407,498,1.2235872235872,144.27,,,,9,16.03,1.80722892,3,48.09,289.69879518,6,2021-12-01,2021-12-01
AskJuno-LG-02-Sep-21,AskJuno-LG-AP-Industry-30-Nov-21,AskJuno-TN-Image-02-Sep-21-English,45-54,female,LEAD_GENERATION,2021-12-01,13,16,1.2307692307692,6.76,,,,0,,0,,,422.5,,2021-12-01,2021-12-01
AskJuno-LG-02-Sep-21,AskJuno-LG-AP-Industry-30-Nov-21,AskJuno-TN-Image-02-Sep-21-English,35-44,unknown,LEAD_GENERATION,2021-12-01,1,1,1,0.12,,,,0,,0,,,120,,2021-12-01,2021-12-01
AskJuno-LG-02-Sep-21,AskJuno-LG-TN-Industry-30-Nov-21,AskJuno-TN-Image-04-Sep-21-Tamil,25-34,unknown,LEAD_GENERATION,2021-12-01,1,1,1,0.88,,,,0,,0,,,880,,2021-12-01,2021-12-01
AskJuno-LG-02-Sep-21,AskJuno-LG-TN-Industry-30-Nov-21,AskJuno-TN-Image-04-Sep-21-Tamil,45-54,unknown,LEAD_GENERATION,2021-12-01,1,1,1,0.05,,,,0,,0,,,50,,2021-12-01,2021-12-01
AskJuno-LG-02-Sep-21,AskJuno-LG-TN-Industry-30-Nov-21,AskJuno-TN-Image-04-Sep-21-Tamil,55-64,unknown,LEAD_GENERATION,2021-12-01,1,2,2,0.3,,,,0,,0,,,150,,2021-12-01,2021-12-01
AskJuno-LG-02-Sep-21,AskJuno-LG-TN-Industry-30-Nov-21,AskJuno-TN-Image-04-Sep-21-Tamil,35-44,female,LEAD_GENERATION,2021-12-01,44,55,1.25,15.68,,,,0,,0,,,285.09090909,,2021-12-01,2021-12-01
AskJuno-LG-02-Sep-21,AskJuno-LG-TN-Industry-30-Nov-21,AskJuno-TN-Image-04-Sep-21-Tamil,55-64,female,LEAD_GENERATION,2021-12-01,12,14,1.1666666666667,3.19,,,,1,3.19,7.14285714,1,3.19,227.85714286,1,2021-12-01,2021-12-01
AskJuno-LG-02-Sep-21,AskJuno-LG-TN-Industry-30-Nov-21,AskJuno-TN-Image-04-Sep-21-Tamil,65+,female,LEAD_GENERATION,2021-12-01,7,8,1.1428571428571,1.42,,,,0,,0,,,177.5,,2021-12-01,2021-12-01
AskJuno-LG-02-Sep-21,AskJuno-LG-AP-Industry-30-Nov-21,AskJuno-TN-Image-02-Sep-21-English,55-64,male,LEAD_GENERATION,2021-12-01,109,133,1.2201834862385,33.73,,,,0,,0,,,253.60902256,,2021-12-01,2021-12-01
