Reporting starts,Reporting ends,Campaign name,Campaign ID,Campaign delivery,Results,Result indicator,Reach,Impressions,Cost per results,Ad set budget,Ad set budget type,Amount spent (INR),Objective,Frequency,Clicks (all),CPC (all) (INR),CTR (all),"Cost per 1,000 people reached (INR)","CPM (cost per 1,000 impressions) (INR)",Page engagement
2021-06-30,2021-06-30,Job: Sales Enthusiast,6235900176757,inactive,,,0,0,,74.98,Daily,0,CONVERSIONS,0,0,0,0,0,0,
2021-06-30,2021-06-30,Sales Recruitment - Test 8Apr21,6235521291757,inactive,,,0,0,,Using ad set budget,0,0,Traffic,0,0,0,0,0,0,
2021-06-30,2021-06-30,Max-life-Pondy-31-Dec-20,6222462780557,inactive,,,0,0,,Using ad set budget,0,0,Lead Generation,0,0,0,0,0,0,
2021-06-30,2021-06-30,MCKLEAN-STUDIO-OWN,6107484047957,inactive,,,0,0,,Using ad set budget,0,0,Lead Generation,0,0,0,0,0,0,
2021-06-29,2021-06-29,Job: Sales Enthusiast,6235900176757,inactive,,,0,0,,74.98,Daily,0,CONVERSIONS,0,0,0,0,0,0,
2021-06-29,2021-06-29,Sales Recruitment - Test 8Apr21,6235521291757,inactive,,,0,0,,Using ad set budget,0,0,Traffic,0,0,0,0,0,0,
2021-06-29,2021-06-29,Max-life-Pondy-31-Dec-20,6222462780557,inactive,,,0,0,,Using ad set budget,0,0,Lead Generation,0,0,0,0,0,0,
2021-06-29,2021-06-29,MCKLEAN-STUDIO-OWN,6107484047957,inactive,,,0,0,,Using ad set budget,0,0,Lead Generation,0,0,0,0,0,0,
2021-06-28,2021-06-28,Job: Sales Enthusiast,6235900176757,inactive,,,0,0,,74.98,Daily,0,CONVERSIONS,0,0,0,0,0,0,
2021-06-28,2021-06-28,Sales Recruitment - Test 8Apr21,6235521291757,inactive,,,0,0,,Using ad set budget,0,0,Traffic,0,0,0,0,0,0,
2021-06-28,2021-06-28,Max-life-Pondy-31-Dec-20,6222462780557,inactive,,,0,0,,Using ad set budget,0,0,Lead Generation,0,0,0,0,0,0,
2021-06-28,2021-06-28,MCKLEAN-STUDIO-OWN,6107484047957,inactive,,,0,0,,Using ad set budget,0,0,Lead Generation,0,0,0,0,0,0,
2021-06-27,2021-06-27,Job: Sales Enthusiast,6235900176757,inactive,,,0,0,,74.98,Daily,0,CONVERSIONS,0,0,0,0,0,0,
2021-06-27,2021-06-27,Sales Recruitment - Test 8Apr21,6235521291757,inactive,,,0,0,,Using ad set budget,0,0,Traffic,0,0,0,0,0,0,
2021-06-27,2021-06-27,Max-life-Pondy-31-Dec-20,6222462780557,inactive,,,0,0,,Using ad set budget,0,0,Lead Generation,0,0,0,0,0,0,
2021-06-27,2021-06-27,MCKLEAN-STUDIO-OWN,6107484047957,inactive,,,0,0,,Using ad set budget,0,0,Lead Generation,0,0,0,0,0,0,
2021-06-26,2021-06-26,Job: Sales Enthusiast,6235900176757,inactive,,,0,0,,74.98,Daily,0,CONVERSIONS,0,0,0,0,0,0,
2021-06-26,2021-06-26,Sales Recruitment - Test 8Apr21,6235521291757,inactive,,,0,0,,Using ad set budget,0,0,Traffic,0,0,0,0,0,0,
2021-06-26,2021-06-26,Max-life-Pondy-31-Dec-20,6222462780557,inactive,,,0,0,,Using ad set budget,0,0,Lead Generation,0,0,0,0,0,0,
2021-06-26,2021-06-26,MCKLEAN-STUDIO-OWN,6107484047957,inactive,,,0,0,,Using ad set budget,0,0,Lead Generation,0,0,0,0,0,0,
2021-06-25,2021-06-25,Job: Sales Enthusiast,6235900176757,inactive,,,0,0,,74.98,Daily,0,CONVERSIONS,0,0,0,0,0,0,
2021-06-25,2021-06-25,Sales Recruitment - Test 8Apr21,6235521291757,inactive,,,0,0,,Using ad set budget,0,0,Traffic,0,0,0,0,0,0,
2021-06-25,2021-06-25,Max-life-Pondy-31-Dec-20,6222462780557,inactive,,,0,0,,Using ad set budget,0,0,Lead Generation,0,0,0,0,0,0,
2021-06-25,2021-06-25,MCKLEAN-STUDIO-OWN,6107484047957,inactive,,,0,0,,Using ad set budget,0,0,Lead Generation,0,0,0,0,0,0,
2021-06-24,2021-06-24,Job: Sales Enthusiast,6235900176757,inactive,,,0,0,,74.98,Daily,0,CONVERSIONS,0,0,0,0,0,0,
2021-06-24,2021-06-24,Sales Recruitment - Test 8Apr21,6235521291757,inactive,,,0,0,,Using ad set budget,0,0,Traffic,0,0,0,0,0,0,
2021-06-24,2021-06-24,Max-life-Pondy-31-Dec-20,6222462780557,inactive,,,0,0,,Using ad set budget,0,0,Lead Generation,0,0,0,0,0,0,
2021-06-24,2021-06-24,MCKLEAN-STUDIO-OWN,6107484047957,inactive,,,0,0,,Using ad set budget,0,0,Lead Generation,0,0,0,0,0,0,
2021-06-23,2021-06-23,Job: Sales Enthusiast,6235900176757,inactive,,,0,0,,74.98,Daily,0,CONVERSIONS,0,0,0,0,0,0,
2021-06-23,2021-06-23,Sales Recruitment - Test 8Apr21,6235521291757,inactive,,,0,0,,Using ad set budget,0,0,Traffic,0,0,0,0,0,0,
2021-06-23,2021-06-23,Max-life-Pondy-31-Dec-20,6222462780557,inactive,,,0,0,,Using ad set budget,0,0,Lead Generation,0,0,0,0,0,0,
2021-06-23,2021-06-23,MCKLEAN-STUDIO-OWN,6107484047957,inactive,,,0,0,,Using ad set budget,0,0,Lead Generation,0,0,0,0,0,0,
2021-06-22,2021-06-22,Job: Sales Enthusiast,6235900176757,inactive,,,0,0,,74.98,Daily,0,CONVERSIONS,0,0,0,0,0,0,
2021-06-22,2021-06-22,Sales Recruitment - Test 8Apr21,6235521291757,inactive,,,0,0,,Using ad set budget,0,0,Traffic,0,0,0,0,0,0,
2021-06-22,2021-06-22,Max-life-Pondy-31-Dec-20,6222462780557,inactive,,,0,0,,Using ad set budget,0,0,Lead Generation,0,0,0,0,0,0,
2021-06-22,2021-06-22,MCKLEAN-STUDIO-OWN,6107484047957,inactive,,,0,0,,Using ad set budget,0,0,Lead Generation,0,0,0,0,0,0,
2021-06-21,2021-06-21,Job: Sales Enthusiast,6235900176757,inactive,,,0,0,,74.98,Daily,0,CONVERSIONS,0,0,0,0,0,0,
2021-06-21,2021-06-21,Sales Recruitment - Test 8Apr21,6235521291757,inactive,,,0,0,,Using ad set budget,0,0,Traffic,0,0,0,0,0,0,
2021-06-21,2021-06-21,Max-life-Pondy-31-Dec-20,6222462780557,inactive,,,0,0,,Using ad set budget,0,0,Lead Generation,0,0,0,0,0,0,
2021-06-21,2021-06-21,MCKLEAN-STUDIO-OWN,6107484047957,inactive,,,0,0,,Using ad set budget,0,0,Lead Generation,0,0,0,0,0,0,
2021-06-20,2021-06-20,Job: Sales Enthusiast,6235900176757,inactive,,,0,0,,74.98,Daily,0,CONVERSIONS,0,0,0,0,0,0,
2021-06-20,2021-06-20,Sales Recruitment - Test 8Apr21,6235521291757,inactive,,,0,0,,Using ad set budget,0,0,Traffic,0,0,0,0,0,0,
2021-06-20,2021-06-20,Max-life-Pondy-31-Dec-20,6222462780557,inactive,,,0,0,,Using ad set budget,0,0,Lead Generation,0,0,0,0,0,0,
2021-06-20,2021-06-20,MCKLEAN-STUDIO-OWN,6107484047957,inactive,,,0,0,,Using ad set budget,0,0,Lead Generation,0,0,0,0,0,0,
2021-06-19,2021-06-19,Job: Sales Enthusiast,6235900176757,inactive,,,0,0,,74.98,Daily,0,CONVERSIONS,0,0,0,0,0,0,
2021-06-19,2021-06-19,Sales Recruitment - Test 8Apr21,6235521291757,inactive,,,0,0,,Using ad set budget,0,0,Traffic,0,0,0,0,0,0,
2021-06-19,2021-06-19,Max-life-Pondy-31-Dec-20,6222462780557,inactive,,,0,0,,Using ad set budget,0,0,Lead Generation,0,0,0,0,0,0,
2021-06-19,2021-06-19,MCKLEAN-STUDIO-OWN,6107484047957,inactive,,,0,0,,Using ad set budget,0,0,Lead Generation,0,0,0,0,0,0,
2021-06-18,2021-06-18,Job: Sales Enthusiast,6235900176757,inactive,,,0,0,,74.98,Daily,0,CONVERSIONS,0,0,0,0,0,0,
2021-06-18,2021-06-18,Sales Recruitment - Test 8Apr21,6235521291757,inactive,,,0,0,,Using ad set budget,0,0,Traffic,0,0,0,0,0,0,
2021-06-18,2021-06-18,Max-life-Pondy-31-Dec-20,6222462780557,inactive,,,0,0,,Using ad set budget,0,0,Lead Generation,0,0,0,0,0,0,
2021-06-18,2021-06-18,MCKLEAN-STUDIO-OWN,6107484047957,inactive,,,0,0,,Using ad set budget,0,0,Lead Generation,0,0,0,0,0,0,
2021-06-17,2021-06-17,Job: Sales Enthusiast,6235900176757,inactive,,,0,0,,74.98,Daily,0,CONVERSIONS,0,0,0,0,0,0,
2021-06-17,2021-06-17,Sales Recruitment - Test 8Apr21,6235521291757,inactive,,,0,0,,Using ad set budget,0,0,Traffic,0,0,0,0,0,0,
2021-06-17,2021-06-17,Max-life-Pondy-31-Dec-20,6222462780557,inactive,,,0,0,,Using ad set budget,0,0,Lead Generation,0,0,0,0,0,0,
2021-06-17,2021-06-17,MCKLEAN-STUDIO-OWN,6107484047957,inactive,,,0,0,,Using ad set budget,0,0,Lead Generation,0,0,0,0,0,0,
2021-06-16,2021-06-16,Job: Sales Enthusiast,6235900176757,inactive,,,0,0,,74.98,Daily,0,CONVERSIONS,0,0,0,0,0,0,
2021-06-16,2021-06-16,Sales Recruitment - Test 8Apr21,6235521291757,inactive,,,0,0,,Using ad set budget,0,0,Traffic,0,0,0,0,0,0,
2021-06-16,2021-06-16,Max-life-Pondy-31-Dec-20,6222462780557,inactive,,,0,0,,Using ad set budget,0,0,Lead Generation,0,0,0,0,0,0,
2021-06-16,2021-06-16,MCKLEAN-STUDIO-OWN,6107484047957,inactive,,,0,0,,Using ad set budget,0,0,Lead Generation,0,0,0,0,0,0,
2021-06-15,2021-06-15,Job: Sales Enthusiast,6235900176757,inactive,,,0,0,,74.98,Daily,0,CONVERSIONS,0,0,0,0,0,0,
2021-06-15,2021-06-15,Sales Recruitment - Test 8Apr21,6235521291757,inactive,,,0,0,,Using ad set budget,0,0,Traffic,0,0,0,0,0,0,
2021-06-15,2021-06-15,Max-life-Pondy-31-Dec-20,6222462780557,inactive,,,0,0,,Using ad set budget,0,0,Lead Generation,0,0,0,0,0,0,
2021-06-15,2021-06-15,MCKLEAN-STUDIO-OWN,6107484047957,inactive,,,0,0,,Using ad set budget,0,0,Lead Generation,0,0,0,0,0,0,
2021-06-14,2021-06-14,Job: Sales Enthusiast,6235900176757,inactive,,,0,0,,74.98,Daily,0,CONVERSIONS,0,0,0,0,0,0,
2021-06-14,2021-06-14,Sales Recruitment - Test 8Apr21,6235521291757,inactive,,,0,0,,Using ad set budget,0,0,Traffic,0,0,0,0,0,0,
2021-06-14,2021-06-14,Max-life-Pondy-31-Dec-20,6222462780557,inactive,,,0,0,,Using ad set budget,0,0,Lead Generation,0,0,0,0,0,0,
2021-06-14,2021-06-14,MCKLEAN-STUDIO-OWN,6107484047957,inactive,,,0,0,,Using ad set budget,0,0,Lead Generation,0,0,0,0,0,0,
2021-06-13,2021-06-13,Job: Sales Enthusiast,6235900176757,inactive,,,0,0,,74.98,Daily,0,CONVERSIONS,0,0,0,0,0,0,
2021-06-13,2021-06-13,Sales Recruitment - Test 8Apr21,6235521291757,inactive,,,0,0,,Using ad set budget,0,0,Traffic,0,0,0,0,0,0,
2021-06-13,2021-06-13,Max-life-Pondy-31-Dec-20,6222462780557,inactive,,,0,0,,Using ad set budget,0,0,Lead Generation,0,0,0,0,0,0,
2021-06-13,2021-06-13,MCKLEAN-STUDIO-OWN,6107484047957,inactive,,,0,0,,Using ad set budget,0,0,Lead Generation,0,0,0,0,0,0,
2021-06-12,2021-06-12,Job: Sales Enthusiast,6235900176757,inactive,,,0,0,,74.98,Daily,0,CONVERSIONS,0,0,0,0,0,0,
2021-06-12,2021-06-12,Sales Recruitment - Test 8Apr21,6235521291757,inactive,,,0,0,,Using ad set budget,0,0,Traffic,0,0,0,0,0,0,
2021-06-12,2021-06-12,Max-life-Pondy-31-Dec-20,6222462780557,inactive,,,0,0,,Using ad set budget,0,0,Lead Generation,0,0,0,0,0,0,
2021-06-12,2021-06-12,MCKLEAN-STUDIO-OWN,6107484047957,inactive,,,0,0,,Using ad set budget,0,0,Lead Generation,0,0,0,0,0,0,
2021-06-11,2021-06-11,Job: Sales Enthusiast,6235900176757,inactive,,,0,0,,74.98,Daily,0,CONVERSIONS,0,0,0,0,0,0,
2021-06-11,2021-06-11,Sales Recruitment - Test 8Apr21,6235521291757,inactive,,,0,0,,Using ad set budget,0,0,Traffic,0,0,0,0,0,0,
2021-06-11,2021-06-11,Max-life-Pondy-31-Dec-20,6222462780557,inactive,,,0,0,,Using ad set budget,0,0,Lead Generation,0,0,0,0,0,0,
2021-06-11,2021-06-11,MCKLEAN-STUDIO-OWN,6107484047957,inactive,,,0,0,,Using ad set budget,0,0,Lead Generation,0,0,0,0,0,0,
2021-06-10,2021-06-10,Job: Sales Enthusiast,6235900176757,inactive,,,0,0,,74.98,Daily,0,CONVERSIONS,0,0,0,0,0,0,
2021-06-10,2021-06-10,Sales Recruitment - Test 8Apr21,6235521291757,inactive,,,0,0,,Using ad set budget,0,0,Traffic,0,0,0,0,0,0,
2021-06-10,2021-06-10,Max-life-Pondy-31-Dec-20,6222462780557,inactive,,,0,0,,Using ad set budget,0,0,Lead Generation,0,0,0,0,0,0,
2021-06-10,2021-06-10,MCKLEAN-STUDIO-OWN,6107484047957,inactive,,,0,0,,Using ad set budget,0,0,Lead Generation,0,0,0,0,0,0,
2021-06-09,2021-06-09,Job: Sales Enthusiast,6235900176757,inactive,,,0,0,,74.98,Daily,0,CONVERSIONS,0,0,0,0,0,0,
2021-06-09,2021-06-09,Sales Recruitment - Test 8Apr21,6235521291757,inactive,,,0,0,,Using ad set budget,0,0,Traffic,0,0,0,0,0,0,
2021-06-09,2021-06-09,Max-life-Pondy-31-Dec-20,6222462780557,inactive,,,0,0,,Using ad set budget,0,0,Lead Generation,0,0,0,0,0,0,
2021-06-09,2021-06-09,MCKLEAN-STUDIO-OWN,6107484047957,inactive,,,0,0,,Using ad set budget,0,0,Lead Generation,0,0,0,0,0,0,
2021-06-08,2021-06-08,Job: Sales Enthusiast,6235900176757,inactive,,,0,0,,74.98,Daily,0,CONVERSIONS,0,0,0,0,0,0,
2021-06-08,2021-06-08,Sales Recruitment - Test 8Apr21,6235521291757,inactive,,,0,0,,Using ad set budget,0,0,Traffic,0,0,0,0,0,0,
2021-06-08,2021-06-08,Max-life-Pondy-31-Dec-20,6222462780557,inactive,,,0,0,,Using ad set budget,0,0,Lead Generation,0,0,0,0,0,0,
2021-06-08,2021-06-08,MCKLEAN-STUDIO-OWN,6107484047957,inactive,,,0,0,,Using ad set budget,0,0,Lead Generation,0,0,0,0,0,0,
2021-06-07,2021-06-07,Job: Sales Enthusiast,6235900176757,inactive,,,0,0,,74.98,Daily,0,CONVERSIONS,0,0,0,0,0,0,
2021-06-07,2021-06-07,Sales Recruitment - Test 8Apr21,6235521291757,inactive,,,0,0,,Using ad set budget,0,0,Traffic,0,0,0,0,0,0,
2021-06-07,2021-06-07,Max-life-Pondy-31-Dec-20,6222462780557,inactive,,,0,0,,Using ad set budget,0,0,Lead Generation,0,0,0,0,0,0,
2021-06-07,2021-06-07,MCKLEAN-STUDIO-OWN,6107484047957,inactive,,,0,0,,Using ad set budget,0,0,Lead Generation,0,0,0,0,0,0,
2021-06-06,2021-06-06,Job: Sales Enthusiast,6235900176757,inactive,,,0,0,,74.98,Daily,0,CONVERSIONS,0,0,0,0,0,0,
2021-06-06,2021-06-06,Sales Recruitment - Test 8Apr21,6235521291757,inactive,,,0,0,,Using ad set budget,0,0,Traffic,0,0,0,0,0,0,
2021-06-06,2021-06-06,Max-life-Pondy-31-Dec-20,6222462780557,inactive,,,0,0,,Using ad set budget,0,0,Lead Generation,0,0,0,0,0,0,
2021-06-06,2021-06-06,MCKLEAN-STUDIO-OWN,6107484047957,inactive,,,0,0,,Using ad set budget,0,0,Lead Generation,0,0,0,0,0,0,
2021-06-05,2021-06-05,Job: Sales Enthusiast,6235900176757,inactive,,,0,0,,74.98,Daily,0,CONVERSIONS,0,0,0,0,0,0,
2021-06-05,2021-06-05,Sales Recruitment - Test 8Apr21,6235521291757,inactive,,,0,0,,Using ad set budget,0,0,Traffic,0,0,0,0,0,0,
2021-06-05,2021-06-05,Max-life-Pondy-31-Dec-20,6222462780557,inactive,,,0,0,,Using ad set budget,0,0,Lead Generation,0,0,0,0,0,0,
2021-06-05,2021-06-05,MCKLEAN-STUDIO-OWN,6107484047957,inactive,,,0,0,,Using ad set budget,0,0,Lead Generation,0,0,0,0,0,0,
2021-06-04,2021-06-04,Job: Sales Enthusiast,6235900176757,inactive,,,0,0,,74.98,Daily,0,CONVERSIONS,0,0,0,0,0,0,
2021-06-04,2021-06-04,Sales Recruitment - Test 8Apr21,6235521291757,inactive,,,0,0,,Using ad set budget,0,0,Traffic,0,0,0,0,0,0,
2021-06-04,2021-06-04,Max-life-Pondy-31-Dec-20,6222462780557,inactive,,,0,0,,Using ad set budget,0,0,Lead Generation,0,0,0,0,0,0,
2021-06-04,2021-06-04,MCKLEAN-STUDIO-OWN,6107484047957,inactive,,,0,0,,Using ad set budget,0,0,Lead Generation,0,0,0,0,0,0,
2021-06-03,2021-06-03,Job: Sales Enthusiast,6235900176757,inactive,,,0,0,,74.98,Daily,0,CONVERSIONS,0,0,0,0,0,0,
2021-06-03,2021-06-03,Sales Recruitment - Test 8Apr21,6235521291757,inactive,,,0,0,,Using ad set budget,0,0,Traffic,0,0,0,0,0,0,
2021-06-03,2021-06-03,Max-life-Pondy-31-Dec-20,6222462780557,inactive,,,0,0,,Using ad set budget,0,0,Lead Generation,0,0,0,0,0,0,
2021-06-03,2021-06-03,MCKLEAN-STUDIO-OWN,6107484047957,inactive,,,0,0,,Using ad set budget,0,0,Lead Generation,0,0,0,0,0,0,
2021-06-02,2021-06-02,Job: Sales Enthusiast,6235900176757,inactive,,,0,0,,74.98,Daily,0,CONVERSIONS,0,0,0,0,0,0,
2021-06-02,2021-06-02,Sales Recruitment - Test 8Apr21,6235521291757,inactive,,,0,0,,Using ad set budget,0,0,Traffic,0,0,0,0,0,0,
2021-06-02,2021-06-02,Max-life-Pondy-31-Dec-20,6222462780557,inactive,,,0,0,,Using ad set budget,0,0,Lead Generation,0,0,0,0,0,0,
2021-06-02,2021-06-02,MCKLEAN-STUDIO-OWN,6107484047957,inactive,,,0,0,,Using ad set budget,0,0,Lead Generation,0,0,0,0,0,0,
2021-06-01,2021-06-01,Job: Sales Enthusiast,6235900176757,inactive,,,0,0,,74.98,Daily,0,CONVERSIONS,0,0,0,0,0,0,
2021-06-01,2021-06-01,Sales Recruitment - Test 8Apr21,6235521291757,inactive,,,0,0,,Using ad set budget,0,0,Traffic,0,0,0,0,0,0,
2021-06-01,2021-06-01,Max-life-Pondy-31-Dec-20,6222462780557,inactive,,,0,0,,Using ad set budget,0,0,Lead Generation,0,0,0,0,0,0,
2021-06-01,2021-06-01,MCKLEAN-STUDIO-OWN,6107484047957,inactive,,,0,0,,Using ad set budget,0,0,Lead Generation,0,0,0,0,0,0,
2021-05-31,2021-05-31,Job: Sales Enthusiast,6235900176757,inactive,,,0,0,,74.98,Daily,0,CONVERSIONS,0,0,0,0,0,0,
2021-05-31,2021-05-31,Sales Recruitment - Test 8Apr21,6235521291757,inactive,,,0,0,,Using ad set budget,0,0,Traffic,0,0,0,0,0,0,
2021-05-31,2021-05-31,Max-life-Pondy-31-Dec-20,6222462780557,inactive,,,0,0,,Using ad set budget,0,0,Lead Generation,0,0,0,0,0,0,
2021-05-31,2021-05-31,MCKLEAN-STUDIO-OWN,6107484047957,inactive,,,0,0,,Using ad set budget,0,0,Lead Generation,0,0,0,0,0,0,
2021-05-30,2021-05-30,Job: Sales Enthusiast,6235900176757,inactive,,,0,0,,74.98,Daily,0,CONVERSIONS,0,0,0,0,0,0,
2021-05-30,2021-05-30,Sales Recruitment - Test 8Apr21,6235521291757,inactive,,,0,0,,Using ad set budget,0,0,Traffic,0,0,0,0,0,0,
2021-05-30,2021-05-30,Max-life-Pondy-31-Dec-20,6222462780557,inactive,,,0,0,,Using ad set budget,0,0,Lead Generation,0,0,0,0,0,0,
2021-05-30,2021-05-30,MCKLEAN-STUDIO-OWN,6107484047957,inactive,,,0,0,,Using ad set budget,0,0,Lead Generation,0,0,0,0,0,0,
2021-05-29,2021-05-29,Job: Sales Enthusiast,6235900176757,inactive,,,0,0,,74.98,Daily,0,CONVERSIONS,0,0,0,0,0,0,
2021-05-29,2021-05-29,Sales Recruitment - Test 8Apr21,6235521291757,inactive,,,0,0,,Using ad set budget,0,0,Traffic,0,0,0,0,0,0,
2021-05-29,2021-05-29,Max-life-Pondy-31-Dec-20,6222462780557,inactive,,,0,0,,Using ad set budget,0,0,Lead Generation,0,0,0,0,0,0,
2021-05-29,2021-05-29,MCKLEAN-STUDIO-OWN,6107484047957,inactive,,,0,0,,Using ad set budget,0,0,Lead Generation,0,0,0,0,0,0,
2021-05-28,2021-05-28,Job: Sales Enthusiast,6235900176757,inactive,,,0,0,,74.98,Daily,0,CONVERSIONS,0,0,0,0,0,0,
2021-05-28,2021-05-28,Sales Recruitment - Test 8Apr21,6235521291757,inactive,,,0,0,,Using ad set budget,0,0,Traffic,0,0,0,0,0,0,
2021-05-28,2021-05-28,Max-life-Pondy-31-Dec-20,6222462780557,inactive,,,0,0,,Using ad set budget,0,0,Lead Generation,0,0,0,0,0,0,
2021-05-28,2021-05-28,MCKLEAN-STUDIO-OWN,6107484047957,inactive,,,0,0,,Using ad set budget,0,0,Lead Generation,0,0,0,0,0,0,
2021-05-27,2021-05-27,Job: Sales Enthusiast,6235900176757,inactive,,,0,0,,74.98,Daily,0,CONVERSIONS,0,0,0,0,0,0,
2021-05-27,2021-05-27,Sales Recruitment - Test 8Apr21,6235521291757,inactive,,,0,0,,Using ad set budget,0,0,Traffic,0,0,0,0,0,0,
2021-05-27,2021-05-27,Max-life-Pondy-31-Dec-20,6222462780557,inactive,,,0,0,,Using ad set budget,0,0,Lead Generation,0,0,0,0,0,0,
2021-05-27,2021-05-27,MCKLEAN-STUDIO-OWN,6107484047957,inactive,,,0,0,,Using ad set budget,0,0,Lead Generation,0,0,0,0,0,0,
2021-05-26,2021-05-26,Job: Sales Enthusiast,6235900176757,inactive,,,0,0,,74.98,Daily,0,CONVERSIONS,0,0,0,0,0,0,
2021-05-26,2021-05-26,Sales Recruitment - Test 8Apr21,6235521291757,inactive,3,actions:landing_page_view,2089,2553,16.93,Using ad set budget,0,50.79,Traffic,1.222116,22,2.308636,0.861731,24.313068,19.894242,22
2021-05-26,2021-05-26,Max-life-Pondy-31-Dec-20,6222462780557,inactive,,,0,0,,Using ad set budget,0,0,Lead Generation,0,0,0,0,0,0,
2021-05-26,2021-05-26,MCKLEAN-STUDIO-OWN,6107484047957,inactive,,,0,0,,Using ad set budget,0,0,Lead Generation,0,0,0,0,0,0,
2021-05-25,2021-05-25,Job: Sales Enthusiast,6235900176757,inactive,,,0,0,,74.98,Daily,0,CONVERSIONS,0,0,0,0,0,0,
2021-05-25,2021-05-25,Sales Recruitment - Test 8Apr21,6235521291757,inactive,,,0,0,,Using ad set budget,0,0,Traffic,0,0,0,0,0,0,
2021-05-25,2021-05-25,Max-life-Pondy-31-Dec-20,6222462780557,inactive,,,0,0,,Using ad set budget,0,0,Lead Generation,0,0,0,0,0,0,
2021-05-25,2021-05-25,MCKLEAN-STUDIO-OWN,6107484047957,inactive,,,0,0,,Using ad set budget,0,0,Lead Generation,0,0,0,0,0,0,
2021-05-24,2021-05-24,Job: Sales Enthusiast,6235900176757,inactive,,,0,0,,74.98,Daily,0,CONVERSIONS,0,0,0,0,0,0,
2021-05-24,2021-05-24,Sales Recruitment - Test 8Apr21,6235521291757,inactive,,,0,0,,Using ad set budget,0,0,Traffic,0,0,0,0,0,0,
2021-05-24,2021-05-24,Max-life-Pondy-31-Dec-20,6222462780557,inactive,,,0,0,,Using ad set budget,0,0,Lead Generation,0,0,0,0,0,0,
2021-05-24,2021-05-24,MCKLEAN-STUDIO-OWN,6107484047957,inactive,,,0,0,,Using ad set budget,0,0,Lead Generation,0,0,0,0,0,0,
2021-05-23,2021-05-23,Job: Sales Enthusiast,6235900176757,inactive,,,0,0,,74.98,Daily,0,CONVERSIONS,0,0,0,0,0,0,
2021-05-23,2021-05-23,Sales Recruitment - Test 8Apr21,6235521291757,inactive,,,0,0,,Using ad set budget,0,0,Traffic,0,0,0,0,0,0,
2021-05-23,2021-05-23,Max-life-Pondy-31-Dec-20,6222462780557,inactive,,,0,0,,Using ad set budget,0,0,Lead Generation,0,0,0,0,0,0,
2021-05-23,2021-05-23,MCKLEAN-STUDIO-OWN,6107484047957,inactive,,,0,0,,Using ad set budget,0,0,Lead Generation,0,0,0,0,0,0,
2021-05-22,2021-05-22,Job: Sales Enthusiast,6235900176757,inactive,,,0,0,,74.98,Daily,0,CONVERSIONS,0,0,0,0,0,0,
2021-05-22,2021-05-22,Sales Recruitment - Test 8Apr21,6235521291757,inactive,,,0,0,,Using ad set budget,0,0,Traffic,0,0,0,0,0,0,
2021-05-22,2021-05-22,Max-life-Pondy-31-Dec-20,6222462780557,inactive,,,0,0,,Using ad set budget,0,0,Lead Generation,0,0,0,0,0,0,
2021-05-22,2021-05-22,MCKLEAN-STUDIO-OWN,6107484047957,inactive,,,0,0,,Using ad set budget,0,0,Lead Generation,0,0,0,0,0,0,
2021-05-21,2021-05-21,Job: Sales Enthusiast,6235900176757,inactive,,,0,0,,74.98,Daily,0,CONVERSIONS,0,0,0,0,0,0,
2021-05-21,2021-05-21,Sales Recruitment - Test 8Apr21,6235521291757,inactive,,,0,0,,Using ad set budget,0,0,Traffic,0,0,0,0,0,0,
2021-05-21,2021-05-21,Max-life-Pondy-31-Dec-20,6222462780557,inactive,,,0,0,,Using ad set budget,0,0,Lead Generation,0,0,0,0,0,0,
2021-05-21,2021-05-21,MCKLEAN-STUDIO-OWN,6107484047957,inactive,,,0,0,,Using ad set budget,0,0,Lead Generation,0,0,0,0,0,0,
2021-05-20,2021-05-20,Job: Sales Enthusiast,6235900176757,inactive,,,0,0,,74.98,Daily,0,CONVERSIONS,0,0,0,0,0,0,
2021-05-20,2021-05-20,Sales Recruitment - Test 8Apr21,6235521291757,inactive,,,0,0,,Using ad set budget,0,0,Traffic,0,0,0,0,0,0,
2021-05-20,2021-05-20,Max-life-Pondy-31-Dec-20,6222462780557,inactive,,,0,0,,Using ad set budget,0,0,Lead Generation,0,0,0,0,0,0,
2021-05-20,2021-05-20,MCKLEAN-STUDIO-OWN,6107484047957,inactive,,,0,0,,Using ad set budget,0,0,Lead Generation,0,0,0,0,0,0,
2021-05-19,2021-05-19,Job: Sales Enthusiast,6235900176757,inactive,,,0,0,,74.98,Daily,0,CONVERSIONS,0,0,0,0,0,0,
2021-05-19,2021-05-19,Sales Recruitment - Test 8Apr21,6235521291757,inactive,,,0,0,,Using ad set budget,0,0,Traffic,0,0,0,0,0,0,
2021-05-19,2021-05-19,Max-life-Pondy-31-Dec-20,6222462780557,inactive,,,0,0,,Using ad set budget,0,0,Lead Generation,0,0,0,0,0,0,
2021-05-19,2021-05-19,MCKLEAN-STUDIO-OWN,6107484047957,inactive,,,0,0,,Using ad set budget,0,0,Lead Generation,0,0,0,0,0,0,
2021-05-18,2021-05-18,Job: Sales Enthusiast,6235900176757,inactive,,,0,0,,74.98,Daily,0,CONVERSIONS,0,0,0,0,0,0,
2021-05-18,2021-05-18,Sales Recruitment - Test 8Apr21,6235521291757,inactive,,,0,0,,Using ad set budget,0,0,Traffic,0,0,0,0,0,0,
2021-05-18,2021-05-18,Max-life-Pondy-31-Dec-20,6222462780557,inactive,,,0,0,,Using ad set budget,0,0,Lead Generation,0,0,0,0,0,0,
2021-05-18,2021-05-18,MCKLEAN-STUDIO-OWN,6107484047957,inactive,,,0,0,,Using ad set budget,0,0,Lead Generation,0,0,0,0,0,0,
2021-05-17,2021-05-17,Job: Sales Enthusiast,6235900176757,inactive,,,0,0,,74.98,Daily,0,CONVERSIONS,0,0,0,0,0,0,
2021-05-17,2021-05-17,Sales Recruitment - Test 8Apr21,6235521291757,inactive,,,0,0,,Using ad set budget,0,0,Traffic,0,0,0,0,0,0,
2021-05-17,2021-05-17,Max-life-Pondy-31-Dec-20,6222462780557,inactive,,,0,0,,Using ad set budget,0,0,Lead Generation,0,0,0,0,0,0,
2021-05-17,2021-05-17,MCKLEAN-STUDIO-OWN,6107484047957,inactive,,,0,0,,Using ad set budget,0,0,Lead Generation,0,0,0,0,0,0,
2021-05-16,2021-05-16,Job: Sales Enthusiast,6235900176757,inactive,,,0,0,,74.98,Daily,0,CONVERSIONS,0,0,0,0,0,0,
2021-05-16,2021-05-16,Sales Recruitment - Test 8Apr21,6235521291757,inactive,,,0,0,,Using ad set budget,0,0,Traffic,0,0,0,0,0,0,
2021-05-16,2021-05-16,Max-life-Pondy-31-Dec-20,6222462780557,inactive,,,0,0,,Using ad set budget,0,0,Lead Generation,0,0,0,0,0,0,
2021-05-16,2021-05-16,MCKLEAN-STUDIO-OWN,6107484047957,inactive,,,0,0,,Using ad set budget,0,0,Lead Generation,0,0,0,0,0,0,
2021-05-15,2021-05-15,Job: Sales Enthusiast,6235900176757,inactive,,,0,0,,74.98,Daily,0,CONVERSIONS,0,0,0,0,0,0,
2021-05-15,2021-05-15,Sales Recruitment - Test 8Apr21,6235521291757,inactive,,,0,0,,Using ad set budget,0,0,Traffic,0,0,0,0,0,0,
2021-05-15,2021-05-15,Max-life-Pondy-31-Dec-20,6222462780557,inactive,,,0,0,,Using ad set budget,0,0,Lead Generation,0,0,0,0,0,0,
2021-05-15,2021-05-15,MCKLEAN-STUDIO-OWN,6107484047957,inactive,,,0,0,,Using ad set budget,0,0,Lead Generation,0,0,0,0,0,0,
2021-05-14,2021-05-14,Job: Sales Enthusiast,6235900176757,inactive,,,0,0,,74.98,Daily,0,CONVERSIONS,0,0,0,0,0,0,
2021-05-14,2021-05-14,Sales Recruitment - Test 8Apr21,6235521291757,inactive,,,0,0,,Using ad set budget,0,0,Traffic,0,0,0,0,0,0,
2021-05-14,2021-05-14,Max-life-Pondy-31-Dec-20,6222462780557,inactive,,,0,0,,Using ad set budget,0,0,Lead Generation,0,0,0,0,0,0,
2021-05-14,2021-05-14,MCKLEAN-STUDIO-OWN,6107484047957,inactive,,,0,0,,Using ad set budget,0,0,Lead Generation,0,0,0,0,0,0,
2021-05-13,2021-05-13,Job: Sales Enthusiast,6235900176757,inactive,,,0,0,,74.98,Daily,0,CONVERSIONS,0,0,0,0,0,0,
2021-05-13,2021-05-13,Sales Recruitment - Test 8Apr21,6235521291757,inactive,,,0,0,,Using ad set budget,0,0,Traffic,0,0,0,0,0,0,
2021-05-13,2021-05-13,Max-life-Pondy-31-Dec-20,6222462780557,inactive,,,0,0,,Using ad set budget,0,0,Lead Generation,0,0,0,0,0,0,
2021-05-13,2021-05-13,MCKLEAN-STUDIO-OWN,6107484047957,inactive,,,0,0,,Using ad set budget,0,0,Lead Generation,0,0,0,0,0,0,
2021-05-12,2021-05-12,Job: Sales Enthusiast,6235900176757,inactive,,,0,0,,74.98,Daily,0,CONVERSIONS,0,0,0,0,0,0,
2021-05-12,2021-05-12,Sales Recruitment - Test 8Apr21,6235521291757,inactive,,,0,0,,Using ad set budget,0,0,Traffic,0,0,0,0,0,0,
2021-05-12,2021-05-12,Max-life-Pondy-31-Dec-20,6222462780557,inactive,,,0,0,,Using ad set budget,0,0,Lead Generation,0,0,0,0,0,0,
2021-05-12,2021-05-12,MCKLEAN-STUDIO-OWN,6107484047957,inactive,,,0,0,,Using ad set budget,0,0,Lead Generation,0,0,0,0,0,0,
2021-05-11,2021-05-11,Job: Sales Enthusiast,6235900176757,inactive,,,0,0,,74.98,Daily,0,CONVERSIONS,0,0,0,0,0,0,
2021-05-11,2021-05-11,Sales Recruitment - Test 8Apr21,6235521291757,inactive,,,0,0,,Using ad set budget,0,0,Traffic,0,0,0,0,0,0,
2021-05-11,2021-05-11,Max-life-Pondy-31-Dec-20,6222462780557,inactive,,,0,0,,Using ad set budget,0,0,Lead Generation,0,0,0,0,0,0,
2021-05-11,2021-05-11,MCKLEAN-STUDIO-OWN,6107484047957,inactive,,,0,0,,Using ad set budget,0,0,Lead Generation,0,0,0,0,0,0,
2021-05-10,2021-05-10,Job: Sales Enthusiast,6235900176757,inactive,,,0,0,,74.98,Daily,0,CONVERSIONS,0,0,0,0,0,0,
2021-05-10,2021-05-10,Sales Recruitment - Test 8Apr21,6235521291757,inactive,,,0,0,,Using ad set budget,0,0,Traffic,0,0,0,0,0,0,
2021-05-10,2021-05-10,Max-life-Pondy-31-Dec-20,6222462780557,inactive,,,0,0,,Using ad set budget,0,0,Lead Generation,0,0,0,0,0,0,
2021-05-10,2021-05-10,MCKLEAN-STUDIO-OWN,6107484047957,inactive,,,0,0,,Using ad set budget,0,0,Lead Generation,0,0,0,0,0,0,
2021-05-09,2021-05-09,Job: Sales Enthusiast,6235900176757,inactive,,,0,0,,74.98,Daily,0,CONVERSIONS,0,0,0,0,0,0,
2021-05-09,2021-05-09,Sales Recruitment - Test 8Apr21,6235521291757,inactive,,,0,0,,Using ad set budget,0,0,Traffic,0,0,0,0,0,0,
2021-05-09,2021-05-09,Max-life-Pondy-31-Dec-20,6222462780557,inactive,,,0,0,,Using ad set budget,0,0,Lead Generation,0,0,0,0,0,0,
2021-05-09,2021-05-09,MCKLEAN-STUDIO-OWN,6107484047957,inactive,,,0,0,,Using ad set budget,0,0,Lead Generation,0,0,0,0,0,0,
2021-05-08,2021-05-08,Job: Sales Enthusiast,6235900176757,inactive,,,0,0,,74.98,Daily,0,CONVERSIONS,0,0,0,0,0,0,
2021-05-08,2021-05-08,Sales Recruitment - Test 8Apr21,6235521291757,inactive,,,0,0,,Using ad set budget,0,0,Traffic,0,0,0,0,0,0,
2021-05-08,2021-05-08,Max-life-Pondy-31-Dec-20,6222462780557,inactive,,,0,0,,Using ad set budget,0,0,Lead Generation,0,0,0,0,0,0,
2021-05-08,2021-05-08,MCKLEAN-STUDIO-OWN,6107484047957,inactive,,,0,0,,Using ad set budget,0,0,Lead Generation,0,0,0,0,0,0,
2021-05-07,2021-05-07,Job: Sales Enthusiast,6235900176757,inactive,,,0,0,,74.98,Daily,0,CONVERSIONS,0,0,0,0,0,0,
2021-05-07,2021-05-07,Sales Recruitment - Test 8Apr21,6235521291757,inactive,,,0,0,,Using ad set budget,0,0,Traffic,0,0,0,0,0,0,
2021-05-07,2021-05-07,Max-life-Pondy-31-Dec-20,6222462780557,inactive,,,0,0,,Using ad set budget,0,0,Lead Generation,0,0,0,0,0,0,
2021-05-07,2021-05-07,MCKLEAN-STUDIO-OWN,6107484047957,inactive,,,0,0,,Using ad set budget,0,0,Lead Generation,0,0,0,0,0,0,
2021-05-06,2021-05-06,Job: Sales Enthusiast,6235900176757,inactive,,,0,0,,74.98,Daily,0,CONVERSIONS,0,0,0,0,0,0,
2021-05-06,2021-05-06,Sales Recruitment - Test 8Apr21,6235521291757,inactive,,,0,0,,Using ad set budget,0,0,Traffic,0,0,0,0,0,0,
2021-05-06,2021-05-06,Max-life-Pondy-31-Dec-20,6222462780557,inactive,,,0,0,,Using ad set budget,0,0,Lead Generation,0,0,0,0,0,0,
2021-05-06,2021-05-06,MCKLEAN-STUDIO-OWN,6107484047957,inactive,,,0,0,,Using ad set budget,0,0,Lead Generation,0,0,0,0,0,0,
2021-05-05,2021-05-05,Job: Sales Enthusiast,6235900176757,inactive,,,0,0,,74.98,Daily,0,CONVERSIONS,0,0,0,0,0,0,
2021-05-05,2021-05-05,Sales Recruitment - Test 8Apr21,6235521291757,inactive,,,0,0,,Using ad set budget,0,0,Traffic,0,0,0,0,0,0,
2021-05-05,2021-05-05,Max-life-Pondy-31-Dec-20,6222462780557,inactive,,,0,0,,Using ad set budget,0,0,Lead Generation,0,0,0,0,0,0,
2021-05-05,2021-05-05,MCKLEAN-STUDIO-OWN,6107484047957,inactive,,,0,0,,Using ad set budget,0,0,Lead Generation,0,0,0,0,0,0,
2021-05-04,2021-05-04,Job: Sales Enthusiast,6235900176757,inactive,,,0,0,,74.98,Daily,0,CONVERSIONS,0,0,0,0,0,0,
2021-05-04,2021-05-04,Sales Recruitment - Test 8Apr21,6235521291757,inactive,,,0,0,,Using ad set budget,0,0,Traffic,0,0,0,0,0,0,
2021-05-04,2021-05-04,Max-life-Pondy-31-Dec-20,6222462780557,inactive,,,0,0,,Using ad set budget,0,0,Lead Generation,0,0,0,0,0,0,
2021-05-04,2021-05-04,MCKLEAN-STUDIO-OWN,6107484047957,inactive,,,0,0,,Using ad set budget,0,0,Lead Generation,0,0,0,0,0,0,
2021-05-03,2021-05-03,Job: Sales Enthusiast,6235900176757,inactive,,,0,0,,74.98,Daily,0,CONVERSIONS,0,0,0,0,0,0,
2021-05-03,2021-05-03,Sales Recruitment - Test 8Apr21,6235521291757,inactive,,,0,0,,Using ad set budget,0,0,Traffic,0,0,0,0,0,0,
2021-05-03,2021-05-03,Max-life-Pondy-31-Dec-20,6222462780557,inactive,,,0,0,,Using ad set budget,0,0,Lead Generation,0,0,0,0,0,0,
2021-05-03,2021-05-03,MCKLEAN-STUDIO-OWN,6107484047957,inactive,,,0,0,,Using ad set budget,0,0,Lead Generation,0,0,0,0,0,0,
2021-05-02,2021-05-02,Job: Sales Enthusiast,6235900176757,inactive,,,0,0,,74.98,Daily,0,CONVERSIONS,0,0,0,0,0,0,
2021-05-02,2021-05-02,Sales Recruitment - Test 8Apr21,6235521291757,inactive,,,0,0,,Using ad set budget,0,0,Traffic,0,0,0,0,0,0,
2021-05-02,2021-05-02,Max-life-Pondy-31-Dec-20,6222462780557,inactive,,,0,0,,Using ad set budget,0,0,Lead Generation,0,0,0,0,0,0,
2021-05-02,2021-05-02,MCKLEAN-STUDIO-OWN,6107484047957,inactive,,,0,0,,Using ad set budget,0,0,Lead Generation,0,0,0,0,0,0,
2021-05-01,2021-05-01,Job: Sales Enthusiast,6235900176757,inactive,,,0,0,,74.98,Daily,0,CONVERSIONS,0,0,0,0,0,0,
2021-05-01,2021-05-01,Sales Recruitment - Test 8Apr21,6235521291757,inactive,,,0,0,,Using ad set budget,0,0,Traffic,0,0,0,0,0,0,
2021-05-01,2021-05-01,Max-life-Pondy-31-Dec-20,6222462780557,inactive,,,0,0,,Using ad set budget,0,0,Lead Generation,0,0,0,0,0,0,
2021-05-01,2021-05-01,MCKLEAN-STUDIO-OWN,6107484047957,inactive,,,0,0,,Using ad set budget,0,0,Lead Generation,0,0,0,0,0,0,
2021-04-30,2021-04-30,Job: Sales Enthusiast,6235900176757,inactive,,,0,0,,74.98,Daily,0,CONVERSIONS,0,0,0,0,0,0,
2021-04-30,2021-04-30,Sales Recruitment - Test 8Apr21,6235521291757,inactive,,,0,0,,Using ad set budget,0,0,Traffic,0,0,0,0,0,0,
2021-04-30,2021-04-30,Max-life-Pondy-31-Dec-20,6222462780557,inactive,,,0,0,,Using ad set budget,0,0,Lead Generation,0,0,0,0,0,0,
2021-04-30,2021-04-30,MCKLEAN-STUDIO-OWN,6107484047957,inactive,,,0,0,,Using ad set budget,0,0,Lead Generation,0,0,0,0,0,0,
2021-04-29,2021-04-29,Job: Sales Enthusiast,6235900176757,inactive,,,0,0,,74.98,Daily,0,CONVERSIONS,0,0,0,0,0,0,
2021-04-29,2021-04-29,Sales Recruitment - Test 8Apr21,6235521291757,inactive,,,0,0,,Using ad set budget,0,0,Traffic,0,0,0,0,0,0,
2021-04-29,2021-04-29,Max-life-Pondy-31-Dec-20,6222462780557,inactive,,,0,0,,Using ad set budget,0,0,Lead Generation,0,0,0,0,0,0,
2021-04-29,2021-04-29,MCKLEAN-STUDIO-OWN,6107484047957,inactive,,,0,0,,Using ad set budget,0,0,Lead Generation,0,0,0,0,0,0,
2021-04-28,2021-04-28,Job: Sales Enthusiast,6235900176757,inactive,,,0,0,,74.98,Daily,0,CONVERSIONS,0,0,0,0,0,0,
2021-04-28,2021-04-28,Sales Recruitment - Test 8Apr21,6235521291757,inactive,,,0,0,,Using ad set budget,0,0,Traffic,0,0,0,0,0,0,
2021-04-28,2021-04-28,Max-life-Pondy-31-Dec-20,6222462780557,inactive,,,0,0,,Using ad set budget,0,0,Lead Generation,0,0,0,0,0,0,
2021-04-28,2021-04-28,MCKLEAN-STUDIO-OWN,6107484047957,inactive,,,0,0,,Using ad set budget,0,0,Lead Generation,0,0,0,0,0,0,
2021-04-27,2021-04-27,Job: Sales Enthusiast,6235900176757,inactive,,,0,0,,74.98,Daily,0,CONVERSIONS,0,0,0,0,0,0,
2021-04-27,2021-04-27,Sales Recruitment - Test 8Apr21,6235521291757,inactive,,,0,0,,Using ad set budget,0,0,Traffic,0,0,0,0,0,0,
2021-04-27,2021-04-27,Max-life-Pondy-31-Dec-20,6222462780557,inactive,,,0,0,,Using ad set budget,0,0,Lead Generation,0,0,0,0,0,0,
2021-04-27,2021-04-27,MCKLEAN-STUDIO-OWN,6107484047957,inactive,,,0,0,,Using ad set budget,0,0,Lead Generation,0,0,0,0,0,0,
2021-04-26,2021-04-26,Job: Sales Enthusiast,6235900176757,inactive,,,0,0,,74.98,Daily,0,CONVERSIONS,0,0,0,0,0,0,
2021-04-26,2021-04-26,Sales Recruitment - Test 8Apr21,6235521291757,inactive,,,0,0,,Using ad set budget,0,0,Traffic,0,0,0,0,0,0,
2021-04-26,2021-04-26,Max-life-Pondy-31-Dec-20,6222462780557,inactive,,,0,0,,Using ad set budget,0,0,Lead Generation,0,0,0,0,0,0,
2021-04-26,2021-04-26,MCKLEAN-STUDIO-OWN,6107484047957,inactive,,,0,0,,Using ad set budget,0,0,Lead Generation,0,0,0,0,0,0,
2021-04-25,2021-04-25,Job: Sales Enthusiast,6235900176757,inactive,,,0,0,,74.98,Daily,0,CONVERSIONS,0,0,0,0,0,0,
2021-04-25,2021-04-25,Sales Recruitment - Test 8Apr21,6235521291757,inactive,,,0,0,,Using ad set budget,0,0,Traffic,0,0,0,0,0,0,
2021-04-25,2021-04-25,Max-life-Pondy-31-Dec-20,6222462780557,inactive,,,0,0,,Using ad set budget,0,0,Lead Generation,0,0,0,0,0,0,
2021-04-25,2021-04-25,MCKLEAN-STUDIO-OWN,6107484047957,inactive,,,0,0,,Using ad set budget,0,0,Lead Generation,0,0,0,0,0,0,
2021-04-24,2021-04-24,Job: Sales Enthusiast,6235900176757,inactive,,,0,0,,74.98,Daily,0,CONVERSIONS,0,0,0,0,0,0,
2021-04-24,2021-04-24,Sales Recruitment - Test 8Apr21,6235521291757,inactive,,,0,0,,Using ad set budget,0,0,Traffic,0,0,0,0,0,0,
2021-04-24,2021-04-24,Max-life-Pondy-31-Dec-20,6222462780557,inactive,,,0,0,,Using ad set budget,0,0,Lead Generation,0,0,0,0,0,0,
2021-04-24,2021-04-24,MCKLEAN-STUDIO-OWN,6107484047957,inactive,,,0,0,,Using ad set budget,0,0,Lead Generation,0,0,0,0,0,0,
2021-04-23,2021-04-23,Job: Sales Enthusiast,6235900176757,inactive,,,0,0,,74.98,Daily,0,CONVERSIONS,0,0,0,0,0,0,
2021-04-23,2021-04-23,Sales Recruitment - Test 8Apr21,6235521291757,inactive,,,0,0,,Using ad set budget,0,0,Traffic,0,0,0,0,0,0,
2021-04-23,2021-04-23,Max-life-Pondy-31-Dec-20,6222462780557,inactive,,,0,0,,Using ad set budget,0,0,Lead Generation,0,0,0,0,0,0,
2021-04-23,2021-04-23,MCKLEAN-STUDIO-OWN,6107484047957,inactive,,,0,0,,Using ad set budget,0,0,Lead Generation,0,0,0,0,0,0,
2021-04-22,2021-04-22,Job: Sales Enthusiast,6235900176757,inactive,,,0,0,,74.98,Daily,0,CONVERSIONS,0,0,0,0,0,0,
2021-04-22,2021-04-22,Sales Recruitment - Test 8Apr21,6235521291757,inactive,,,0,0,,Using ad set budget,0,0,Traffic,0,0,0,0,0,0,
2021-04-22,2021-04-22,Max-life-Pondy-31-Dec-20,6222462780557,inactive,,,0,0,,Using ad set budget,0,0,Lead Generation,0,0,0,0,0,0,
2021-04-22,2021-04-22,MCKLEAN-STUDIO-OWN,6107484047957,inactive,,,0,0,,Using ad set budget,0,0,Lead Generation,0,0,0,0,0,0,
2021-04-21,2021-04-21,Job: Sales Enthusiast,6235900176757,inactive,,,0,0,,74.98,Daily,0,CONVERSIONS,0,0,0,0,0,0,
2021-04-21,2021-04-21,Sales Recruitment - Test 8Apr21,6235521291757,inactive,,,0,0,,Using ad set budget,0,0,Traffic,0,0,0,0,0,0,
2021-04-21,2021-04-21,Max-life-Pondy-31-Dec-20,6222462780557,inactive,,,0,0,,Using ad set budget,0,0,Lead Generation,0,0,0,0,0,0,
2021-04-21,2021-04-21,MCKLEAN-STUDIO-OWN,6107484047957,inactive,,,0,0,,Using ad set budget,0,0,Lead Generation,0,0,0,0,0,0,
2021-04-20,2021-04-20,Job: Sales Enthusiast,6235900176757,inactive,,,0,0,,74.98,Daily,0,CONVERSIONS,0,0,0,0,0,0,
2021-04-20,2021-04-20,Sales Recruitment - Test 8Apr21,6235521291757,inactive,,,0,0,,Using ad set budget,0,0,Traffic,0,0,0,0,0,0,
2021-04-20,2021-04-20,Max-life-Pondy-31-Dec-20,6222462780557,inactive,,,0,0,,Using ad set budget,0,0,Lead Generation,0,0,0,0,0,0,
2021-04-20,2021-04-20,MCKLEAN-STUDIO-OWN,6107484047957,inactive,,,0,0,,Using ad set budget,0,0,Lead Generation,0,0,0,0,0,0,
2021-04-19,2021-04-19,Job: Sales Enthusiast,6235900176757,inactive,,,0,0,,74.98,Daily,0,CONVERSIONS,0,0,0,0,0,0,
2021-04-19,2021-04-19,Sales Recruitment - Test 8Apr21,6235521291757,inactive,,,0,0,,Using ad set budget,0,0,Traffic,0,0,0,0,0,0,
2021-04-19,2021-04-19,Max-life-Pondy-31-Dec-20,6222462780557,inactive,,,0,0,,Using ad set budget,0,0,Lead Generation,0,0,0,0,0,0,
2021-04-19,2021-04-19,MCKLEAN-STUDIO-OWN,6107484047957,inactive,,,0,0,,Using ad set budget,0,0,Lead Generation,0,0,0,0,0,0,
2021-04-18,2021-04-18,Job: Sales Enthusiast,6235900176757,inactive,,,0,0,,74.98,Daily,0,CONVERSIONS,0,0,0,0,0,0,
2021-04-18,2021-04-18,Sales Recruitment - Test 8Apr21,6235521291757,inactive,,,0,0,,Using ad set budget,0,0,Traffic,0,0,0,0,0,0,
2021-04-18,2021-04-18,Max-life-Pondy-31-Dec-20,6222462780557,inactive,,,0,0,,Using ad set budget,0,0,Lead Generation,0,0,0,0,0,0,
2021-04-18,2021-04-18,MCKLEAN-STUDIO-OWN,6107484047957,inactive,,,0,0,,Using ad set budget,0,0,Lead Generation,0,0,0,0,0,0,
2021-04-17,2021-04-17,Job: Sales Enthusiast,6235900176757,inactive,,,0,0,,74.98,Daily,0,CONVERSIONS,0,0,0,0,0,0,
2021-04-17,2021-04-17,Sales Recruitment - Test 8Apr21,6235521291757,inactive,,,0,0,,Using ad set budget,0,0,Traffic,0,0,0,0,0,0,
2021-04-17,2021-04-17,Max-life-Pondy-31-Dec-20,6222462780557,inactive,,,0,0,,Using ad set budget,0,0,Lead Generation,0,0,0,0,0,0,
2021-04-17,2021-04-17,MCKLEAN-STUDIO-OWN,6107484047957,inactive,,,0,0,,Using ad set budget,0,0,Lead Generation,0,0,0,0,0,0,
2021-04-16,2021-04-16,Job: Sales Enthusiast,6235900176757,inactive,,,0,0,,74.98,Daily,0,CONVERSIONS,0,0,0,0,0,0,
2021-04-16,2021-04-16,Sales Recruitment - Test 8Apr21,6235521291757,inactive,,,0,0,,Using ad set budget,0,0,Traffic,0,0,0,0,0,0,
2021-04-16,2021-04-16,Max-life-Pondy-31-Dec-20,6222462780557,inactive,,,0,0,,Using ad set budget,0,0,Lead Generation,0,0,0,0,0,0,
2021-04-16,2021-04-16,MCKLEAN-STUDIO-OWN,6107484047957,inactive,,,0,0,,Using ad set budget,0,0,Lead Generation,0,0,0,0,0,0,
2021-04-15,2021-04-15,Job: Sales Enthusiast,6235900176757,inactive,2,actions:onsite_conversion.submit_application,87,93,5.77,74.98,Daily,11.54,CONVERSIONS,1.068966,11,1.049091,11.827957,132.643678,124.086022,2
2021-04-15,2021-04-15,Sales Recruitment - Test 8Apr21,6235521291757,inactive,,,0,0,,Using ad set budget,0,0,Traffic,0,0,0,0,0,0,
2021-04-15,2021-04-15,Max-life-Pondy-31-Dec-20,6222462780557,inactive,,,0,0,,Using ad set budget,0,0,Lead Generation,0,0,0,0,0,0,
2021-04-15,2021-04-15,MCKLEAN-STUDIO-OWN,6107484047957,inactive,,,0,0,,Using ad set budget,0,0,Lead Generation,0,0,0,0,0,0,
2021-04-14,2021-04-14,Job: Sales Enthusiast,6235900176757,inactive,6,actions:onsite_conversion.submit_application,859,1043,13.636666666667,74.98,Daily,81.82,CONVERSIONS,1.214203,77,1.062597,7.38255,95.250291,78.446788,12
2021-04-14,2021-04-14,Sales Recruitment - Test 8Apr21,6235521291757,inactive,,,0,0,,Using ad set budget,0,0,Traffic,0,0,0,0,0,0,
2021-04-14,2021-04-14,Max-life-Pondy-31-Dec-20,6222462780557,inactive,,,0,0,,Using ad set budget,0,0,Lead Generation,0,0,0,0,0,0,
2021-04-14,2021-04-14,MCKLEAN-STUDIO-OWN,6107484047957,inactive,,,0,0,,Using ad set budget,0,0,Lead Generation,0,0,0,0,0,0,
2021-04-13,2021-04-13,Job: Sales Enthusiast,6235900176757,inactive,4,actions:onsite_conversion.submit_application,599,678,17.4425,74.98,Daily,69.77,CONVERSIONS,1.131886,61,1.14377,8.99705,116.477462,102.905605,13
2021-04-13,2021-04-13,Sales Recruitment - Test 8Apr21,6235521291757,inactive,30,actions:landing_page_view,6852,12088,3.931,Using ad set budget,0,117.93,Traffic,1.764156,62,1.902097,0.512905,17.211033,9.755956,61
2021-04-13,2021-04-13,Max-life-Pondy-31-Dec-20,6222462780557,inactive,,,0,0,,Using ad set budget,0,0,Lead Generation,0,0,0,0,0,0,
2021-04-13,2021-04-13,MCKLEAN-STUDIO-OWN,6107484047957,inactive,,,0,0,,Using ad set budget,0,0,Lead Generation,0,0,0,0,0,0,
2021-04-12,2021-04-12,Job: Sales Enthusiast,6235900176757,inactive,2,actions:onsite_conversion.submit_application,123,127,22.64,74.98,Daily,45.28,CONVERSIONS,1.03252,14,3.234286,11.023622,368.130081,356.535433,3
2021-04-12,2021-04-12,Sales Recruitment - Test 8Apr21,6235521291757,inactive,89,actions:landing_page_view,14448,35500,3.4121348314607,Using ad set budget,0,303.68,Traffic,2.457087,178,1.706067,0.501408,21.018826,8.554366,179
2021-04-12,2021-04-12,Max-life-Pondy-31-Dec-20,6222462780557,inactive,,,0,0,,Using ad set budget,0,0,Lead Generation,0,0,0,0,0,0,
2021-04-12,2021-04-12,MCKLEAN-STUDIO-OWN,6107484047957,inactive,,,0,0,,Using ad set budget,0,0,Lead Generation,0,0,0,0,0,0,
2021-04-11,2021-04-11,Job: Sales Enthusiast,6235900176757,inactive,,,0,0,,74.98,Daily,0,CONVERSIONS,0,0,0,0,0,0,
2021-04-11,2021-04-11,Sales Recruitment - Test 8Apr21,6235521291757,inactive,52,actions:landing_page_view,9763,18571,5.6365384615385,Using ad set budget,0,293.1,Traffic,1.902182,145,2.021379,0.780787,30.02151,15.782672,131
2021-04-11,2021-04-11,Max-life-Pondy-31-Dec-20,6222462780557,inactive,,,0,0,,Using ad set budget,0,0,Lead Generation,0,0,0,0,0,0,
2021-04-11,2021-04-11,MCKLEAN-STUDIO-OWN,6107484047957,inactive,,,0,0,,Using ad set budget,0,0,Lead Generation,0,0,0,0,0,0,
2021-04-10,2021-04-10,Job: Sales Enthusiast,6235900176757,inactive,,,0,0,,74.98,Daily,0,CONVERSIONS,0,0,0,0,0,0,
2021-04-10,2021-04-10,Sales Recruitment - Test 8Apr21,6235521291757,inactive,,,0,0,,Using ad set budget,0,0,Traffic,0,0,0,0,0,0,
2021-04-10,2021-04-10,Max-life-Pondy-31-Dec-20,6222462780557,inactive,,,0,0,,Using ad set budget,0,0,Lead Generation,0,0,0,0,0,0,
2021-04-10,2021-04-10,MCKLEAN-STUDIO-OWN,6107484047957,inactive,,,0,0,,Using ad set budget,0,0,Lead Generation,0,0,0,0,0,0,
2021-04-09,2021-04-09,Job: Sales Enthusiast,6235900176757,inactive,,,0,0,,74.98,Daily,0,CONVERSIONS,0,0,0,0,0,0,
2021-04-09,2021-04-09,Sales Recruitment - Test 8Apr21,6235521291757,inactive,,,0,0,,Using ad set budget,0,0,Traffic,0,0,0,0,0,0,
2021-04-09,2021-04-09,Max-life-Pondy-31-Dec-20,6222462780557,inactive,,,0,0,,Using ad set budget,0,0,Lead Generation,0,0,0,0,0,0,
2021-04-09,2021-04-09,MCKLEAN-STUDIO-OWN,6107484047957,inactive,,,1330,1360,,Using ad set budget,0,68.02,Lead Generation,1.022556,24,2.834167,1.764706,51.142857,50.014706,
2021-04-08,2021-04-08,Job: Sales Enthusiast,6235900176757,inactive,,,0,0,,74.98,Daily,0,CONVERSIONS,0,0,0,0,0,0,
2021-04-08,2021-04-08,Sales Recruitment - Test 8Apr21,6235521291757,inactive,,,0,0,,Using ad set budget,0,0,Traffic,0,0,0,0,0,0,
2021-04-08,2021-04-08,Max-life-Pondy-31-Dec-20,6222462780557,inactive,,,0,0,,Using ad set budget,0,0,Lead Generation,0,0,0,0,0,0,
2021-04-08,2021-04-08,MCKLEAN-STUDIO-OWN,6107484047957,inactive,,,4789,5133,,Using ad set budget,0,217.84,Lead Generation,1.071831,132,1.650303,2.571596,45.487576,42.439119,
2021-04-07,2021-04-07,Job: Sales Enthusiast,6235900176757,inactive,,,0,0,,74.98,Daily,0,CONVERSIONS,0,0,0,0,0,0,
2021-04-07,2021-04-07,Sales Recruitment - Test 8Apr21,6235521291757,inactive,,,0,0,,Using ad set budget,0,0,Traffic,0,0,0,0,0,0,
2021-04-07,2021-04-07,Max-life-Pondy-31-Dec-20,6222462780557,inactive,,,0,0,,Using ad set budget,0,0,Lead Generation,0,0,0,0,0,0,
2021-04-07,2021-04-07,MCKLEAN-STUDIO-OWN,6107484047957,inactive,,,4530,4800,,Using ad set budget,0,191.52,Lead Generation,1.059603,98,1.954286,2.041667,42.278146,39.9,
2021-04-06,2021-04-06,Job: Sales Enthusiast,6235900176757,inactive,,,0,0,,74.98,Daily,0,CONVERSIONS,0,0,0,0,0,0,
2021-04-06,2021-04-06,Sales Recruitment - Test 8Apr21,6235521291757,inactive,,,0,0,,Using ad set budget,0,0,Traffic,0,0,0,0,0,0,
2021-04-06,2021-04-06,Max-life-Pondy-31-Dec-20,6222462780557,inactive,,,0,0,,Using ad set budget,0,0,Lead Generation,0,0,0,0,0,0,
2021-04-06,2021-04-06,MCKLEAN-STUDIO-OWN,6107484047957,inactive,,,5632,6017,,Using ad set budget,0,201.21,Lead Generation,1.068359,121,1.662893,2.010969,35.726207,33.440253,
2021-04-05,2021-04-05,Job: Sales Enthusiast,6235900176757,inactive,,,0,0,,74.98,Daily,0,CONVERSIONS,0,0,0,0,0,0,
2021-04-05,2021-04-05,Sales Recruitment - Test 8Apr21,6235521291757,inactive,,,0,0,,Using ad set budget,0,0,Traffic,0,0,0,0,0,0,
2021-04-05,2021-04-05,Max-life-Pondy-31-Dec-20,6222462780557,inactive,,,0,0,,Using ad set budget,0,0,Lead Generation,0,0,0,0,0,0,
2021-04-05,2021-04-05,MCKLEAN-STUDIO-OWN,6107484047957,inactive,,,8526,8931,,Using ad set budget,0,406.02,Lead Generation,1.047502,197,2.061015,2.2058,47.621393,45.461874,
2021-04-04,2021-04-04,Job: Sales Enthusiast,6235900176757,inactive,,,0,0,,74.98,Daily,0,CONVERSIONS,0,0,0,0,0,0,
2021-04-04,2021-04-04,Sales Recruitment - Test 8Apr21,6235521291757,inactive,,,0,0,,Using ad set budget,0,0,Traffic,0,0,0,0,0,0,
2021-04-04,2021-04-04,Max-life-Pondy-31-Dec-20,6222462780557,inactive,,,0,0,,Using ad set budget,0,0,Lead Generation,0,0,0,0,0,0,
2021-04-04,2021-04-04,MCKLEAN-STUDIO-OWN,6107484047957,inactive,,,9521,10437,,Using ad set budget,0,504.88,Lead Generation,1.096208,216,2.337407,2.06956,53.028043,48.374054,
2021-04-03,2021-04-03,Job: Sales Enthusiast,6235900176757,inactive,,,0,0,,74.98,Daily,0,CONVERSIONS,0,0,0,0,0,0,
2021-04-03,2021-04-03,Sales Recruitment - Test 8Apr21,6235521291757,inactive,,,0,0,,Using ad set budget,0,0,Traffic,0,0,0,0,0,0,
2021-04-03,2021-04-03,Max-life-Pondy-31-Dec-20,6222462780557,inactive,,,0,0,,Using ad set budget,0,0,Lead Generation,0,0,0,0,0,0,
2021-04-03,2021-04-03,MCKLEAN-STUDIO-OWN,6107484047957,inactive,,,9858,10696,,Using ad set budget,0,452.57,Lead Generation,1.085007,213,2.124742,1.991399,45.908906,42.312079,
2021-04-02,2021-04-02,Job: Sales Enthusiast,6235900176757,inactive,,,0,0,,74.98,Daily,0,CONVERSIONS,0,0,0,0,0,0,
2021-04-02,2021-04-02,Sales Recruitment - Test 8Apr21,6235521291757,inactive,,,0,0,,Using ad set budget,0,0,Traffic,0,0,0,0,0,0,
2021-04-02,2021-04-02,Max-life-Pondy-31-Dec-20,6222462780557,inactive,,,0,0,,Using ad set budget,0,0,Lead Generation,0,0,0,0,0,0,
2021-04-02,2021-04-02,MCKLEAN-STUDIO-OWN,6107484047957,inactive,,,8142,8833,,Using ad set budget,0,495.1,Lead Generation,1.084869,157,3.153503,1.777426,60.808155,56.051172,
2021-04-01,2021-04-01,Job: Sales Enthusiast,6235900176757,inactive,,,0,0,,74.98,Daily,0,CONVERSIONS,0,0,0,0,0,0,
2021-04-01,2021-04-01,Sales Recruitment - Test 8Apr21,6235521291757,inactive,,,0,0,,Using ad set budget,0,0,Traffic,0,0,0,0,0,0,
2021-04-01,2021-04-01,Max-life-Pondy-31-Dec-20,6222462780557,inactive,,,0,0,,Using ad set budget,0,0,Lead Generation,0,0,0,0,0,0,
2021-04-01,2021-04-01,MCKLEAN-STUDIO-OWN,6107484047957,inactive,,,9027,9791,,Using ad set budget,0,493.43,Lead Generation,1.084635,229,2.154716,2.338883,54.661571,50.396282,
2021-03-31,2021-03-31,Job: Sales Enthusiast,6235900176757,inactive,,,0,0,,74.98,Daily,0,CONVERSIONS,0,0,0,0,0,0,
2021-03-31,2021-03-31,Sales Recruitment - Test 8Apr21,6235521291757,inactive,,,0,0,,Using ad set budget,0,0,Traffic,0,0,0,0,0,0,
2021-03-31,2021-03-31,Max-life-Pondy-31-Dec-20,6222462780557,inactive,,,0,0,,Using ad set budget,0,0,Lead Generation,0,0,0,0,0,0,
2021-03-31,2021-03-31,MCKLEAN-STUDIO-OWN,6107484047957,inactive,,,7501,8185,,Using ad set budget,0,497.4,Lead Generation,1.091188,215,2.313488,2.626756,66.311159,60.769701,
2021-03-30,2021-03-30,Job: Sales Enthusiast,6235900176757,inactive,,,0,0,,74.98,Daily,0,CONVERSIONS,0,0,0,0,0,0,
2021-03-30,2021-03-30,Sales Recruitment - Test 8Apr21,6235521291757,inactive,,,0,0,,Using ad set budget,0,0,Traffic,0,0,0,0,0,0,
2021-03-30,2021-03-30,Max-life-Pondy-31-Dec-20,6222462780557,inactive,,,0,0,,Using ad set budget,0,0,Lead Generation,0,0,0,0,0,0,
2021-03-30,2021-03-30,MCKLEAN-STUDIO-OWN,6107484047957,inactive,,,7152,8091,,Using ad set budget,0,501.26,Lead Generation,1.131292,191,2.624398,2.360648,70.086689,61.952787,
2021-03-29,2021-03-29,Job: Sales Enthusiast,6235900176757,inactive,,,0,0,,74.98,Daily,0,CONVERSIONS,0,0,0,0,0,0,
2021-03-29,2021-03-29,Sales Recruitment - Test 8Apr21,6235521291757,inactive,,,0,0,,Using ad set budget,0,0,Traffic,0,0,0,0,0,0,
2021-03-29,2021-03-29,Max-life-Pondy-31-Dec-20,6222462780557,inactive,,,0,0,,Using ad set budget,0,0,Lead Generation,0,0,0,0,0,0,
2021-03-29,2021-03-29,MCKLEAN-STUDIO-OWN,6107484047957,inactive,,,4991,5691,,Using ad set budget,0,423.14,Lead Generation,1.140252,170,2.489059,2.987173,84.780605,74.352486,
2021-03-28,2021-03-28,Job: Sales Enthusiast,6235900176757,inactive,,,0,0,,74.98,Daily,0,CONVERSIONS,0,0,0,0,0,0,
2021-03-28,2021-03-28,Sales Recruitment - Test 8Apr21,6235521291757,inactive,,,0,0,,Using ad set budget,0,0,Traffic,0,0,0,0,0,0,
2021-03-28,2021-03-28,Max-life-Pondy-31-Dec-20,6222462780557,inactive,,,0,0,,Using ad set budget,0,0,Lead Generation,0,0,0,0,0,0,
2021-03-28,2021-03-28,MCKLEAN-STUDIO-OWN,6107484047957,inactive,,,2715,2866,,Using ad set budget,0,204.75,Lead Generation,1.055617,47,4.356383,1.639916,75.414365,71.441033,
2021-03-27,2021-03-27,Job: Sales Enthusiast,6235900176757,inactive,,,0,0,,74.98,Daily,0,CONVERSIONS,0,0,0,0,0,0,
2021-03-27,2021-03-27,Sales Recruitment - Test 8Apr21,6235521291757,inactive,,,0,0,,Using ad set budget,0,0,Traffic,0,0,0,0,0,0,
2021-03-27,2021-03-27,Max-life-Pondy-31-Dec-20,6222462780557,inactive,,,0,0,,Using ad set budget,0,0,Lead Generation,0,0,0,0,0,0,
2021-03-27,2021-03-27,MCKLEAN-STUDIO-OWN,6107484047957,inactive,,,0,0,,Using ad set budget,0,0,Lead Generation,0,0,0,0,0,0,
2021-03-26,2021-03-26,Job: Sales Enthusiast,6235900176757,inactive,,,0,0,,74.98,Daily,0,CONVERSIONS,0,0,0,0,0,0,
2021-03-26,2021-03-26,Sales Recruitment - Test 8Apr21,6235521291757,inactive,,,0,0,,Using ad set budget,0,0,Traffic,0,0,0,0,0,0,
2021-03-26,2021-03-26,Max-life-Pondy-31-Dec-20,6222462780557,inactive,,,0,0,,Using ad set budget,0,0,Lead Generation,0,0,0,0,0,0,
2021-03-26,2021-03-26,MCKLEAN-STUDIO-OWN,6107484047957,inactive,,,0,0,,Using ad set budget,0,0,Lead Generation,0,0,0,0,0,0,
2021-03-25,2021-03-25,Job: Sales Enthusiast,6235900176757,inactive,,,0,0,,74.98,Daily,0,CONVERSIONS,0,0,0,0,0,0,
2021-03-25,2021-03-25,Sales Recruitment - Test 8Apr21,6235521291757,inactive,,,0,0,,Using ad set budget,0,0,Traffic,0,0,0,0,0,0,
2021-03-25,2021-03-25,Max-life-Pondy-31-Dec-20,6222462780557,inactive,,,0,0,,Using ad set budget,0,0,Lead Generation,0,0,0,0,0,0,
2021-03-25,2021-03-25,MCKLEAN-STUDIO-OWN,6107484047957,inactive,,,0,0,,Using ad set budget,0,0,Lead Generation,0,0,0,0,0,0,
2021-03-24,2021-03-24,Job: Sales Enthusiast,6235900176757,inactive,,,0,0,,74.98,Daily,0,CONVERSIONS,0,0,0,0,0,0,
2021-03-24,2021-03-24,Sales Recruitment - Test 8Apr21,6235521291757,inactive,,,0,0,,Using ad set budget,0,0,Traffic,0,0,0,0,0,0,
2021-03-24,2021-03-24,Max-life-Pondy-31-Dec-20,6222462780557,inactive,,,0,0,,Using ad set budget,0,0,Lead Generation,0,0,0,0,0,0,
2021-03-24,2021-03-24,MCKLEAN-STUDIO-OWN,6107484047957,inactive,,,0,0,,Using ad set budget,0,0,Lead Generation,0,0,0,0,0,0,
2021-03-23,2021-03-23,Job: Sales Enthusiast,6235900176757,inactive,,,0,0,,74.98,Daily,0,CONVERSIONS,0,0,0,0,0,0,
2021-03-23,2021-03-23,Sales Recruitment - Test 8Apr21,6235521291757,inactive,,,0,0,,Using ad set budget,0,0,Traffic,0,0,0,0,0,0,
2021-03-23,2021-03-23,Max-life-Pondy-31-Dec-20,6222462780557,inactive,,,0,0,,Using ad set budget,0,0,Lead Generation,0,0,0,0,0,0,
2021-03-23,2021-03-23,MCKLEAN-STUDIO-OWN,6107484047957,inactive,,,0,0,,Using ad set budget,0,0,Lead Generation,0,0,0,0,0,0,
2021-03-22,2021-03-22,Job: Sales Enthusiast,6235900176757,inactive,,,0,0,,74.98,Daily,0,CONVERSIONS,0,0,0,0,0,0,
2021-03-22,2021-03-22,Sales Recruitment - Test 8Apr21,6235521291757,inactive,,,0,0,,Using ad set budget,0,0,Traffic,0,0,0,0,0,0,
2021-03-22,2021-03-22,Max-life-Pondy-31-Dec-20,6222462780557,inactive,,,0,0,,Using ad set budget,0,0,Lead Generation,0,0,0,0,0,0,
2021-03-22,2021-03-22,MCKLEAN-STUDIO-OWN,6107484047957,inactive,,,0,0,,Using ad set budget,0,0,Lead Generation,0,0,0,0,0,0,
2021-03-21,2021-03-21,Job: Sales Enthusiast,6235900176757,inactive,,,0,0,,74.98,Daily,0,CONVERSIONS,0,0,0,0,0,0,
2021-03-21,2021-03-21,Sales Recruitment - Test 8Apr21,6235521291757,inactive,,,0,0,,Using ad set budget,0,0,Traffic,0,0,0,0,0,0,
2021-03-21,2021-03-21,Max-life-Pondy-31-Dec-20,6222462780557,inactive,,,0,0,,Using ad set budget,0,0,Lead Generation,0,0,0,0,0,0,
2021-03-21,2021-03-21,MCKLEAN-STUDIO-OWN,6107484047957,inactive,,,0,0,,Using ad set budget,0,0,Lead Generation,0,0,0,0,0,0,
2021-03-20,2021-03-20,Job: Sales Enthusiast,6235900176757,inactive,,,0,0,,74.98,Daily,0,CONVERSIONS,0,0,0,0,0,0,
2021-03-20,2021-03-20,Sales Recruitment - Test 8Apr21,6235521291757,inactive,,,0,0,,Using ad set budget,0,0,Traffic,0,0,0,0,0,0,
2021-03-20,2021-03-20,Max-life-Pondy-31-Dec-20,6222462780557,inactive,,,0,0,,Using ad set budget,0,0,Lead Generation,0,0,0,0,0,0,
2021-03-20,2021-03-20,MCKLEAN-STUDIO-OWN,6107484047957,inactive,,,0,0,,Using ad set budget,0,0,Lead Generation,0,0,0,0,0,0,
2021-03-19,2021-03-19,Job: Sales Enthusiast,6235900176757,inactive,,,0,0,,74.98,Daily,0,CONVERSIONS,0,0,0,0,0,0,
2021-03-19,2021-03-19,Sales Recruitment - Test 8Apr21,6235521291757,inactive,,,0,0,,Using ad set budget,0,0,Traffic,0,0,0,0,0,0,
2021-03-19,2021-03-19,Max-life-Pondy-31-Dec-20,6222462780557,inactive,,,0,0,,Using ad set budget,0,0,Lead Generation,0,0,0,0,0,0,
2021-03-19,2021-03-19,MCKLEAN-STUDIO-OWN,6107484047957,inactive,,,0,0,,Using ad set budget,0,0,Lead Generation,0,0,0,0,0,0,
2021-03-18,2021-03-18,Job: Sales Enthusiast,6235900176757,inactive,,,0,0,,74.98,Daily,0,CONVERSIONS,0,0,0,0,0,0,
2021-03-18,2021-03-18,Sales Recruitment - Test 8Apr21,6235521291757,inactive,,,0,0,,Using ad set budget,0,0,Traffic,0,0,0,0,0,0,
2021-03-18,2021-03-18,Max-life-Pondy-31-Dec-20,6222462780557,inactive,,,0,0,,Using ad set budget,0,0,Lead Generation,0,0,0,0,0,0,
2021-03-18,2021-03-18,MCKLEAN-STUDIO-OWN,6107484047957,inactive,,,0,0,,Using ad set budget,0,0,Lead Generation,0,0,0,0,0,0,
2021-03-17,2021-03-17,Job: Sales Enthusiast,6235900176757,inactive,,,0,0,,74.98,Daily,0,CONVERSIONS,0,0,0,0,0,0,
2021-03-17,2021-03-17,Sales Recruitment - Test 8Apr21,6235521291757,inactive,,,0,0,,Using ad set budget,0,0,Traffic,0,0,0,0,0,0,
2021-03-17,2021-03-17,Max-life-Pondy-31-Dec-20,6222462780557,inactive,,,0,0,,Using ad set budget,0,0,Lead Generation,0,0,0,0,0,0,
2021-03-17,2021-03-17,MCKLEAN-STUDIO-OWN,6107484047957,inactive,,,0,0,,Using ad set budget,0,0,Lead Generation,0,0,0,0,0,0,
2021-03-16,2021-03-16,Job: Sales Enthusiast,6235900176757,inactive,,,0,0,,74.98,Daily,0,CONVERSIONS,0,0,0,0,0,0,
2021-03-16,2021-03-16,Sales Recruitment - Test 8Apr21,6235521291757,inactive,,,0,0,,Using ad set budget,0,0,Traffic,0,0,0,0,0,0,
2021-03-16,2021-03-16,Max-life-Pondy-31-Dec-20,6222462780557,inactive,,,0,0,,Using ad set budget,0,0,Lead Generation,0,0,0,0,0,0,
2021-03-16,2021-03-16,MCKLEAN-STUDIO-OWN,6107484047957,inactive,,,0,0,,Using ad set budget,0,0,Lead Generation,0,0,0,0,0,0,
2021-03-15,2021-03-15,Job: Sales Enthusiast,6235900176757,inactive,,,0,0,,74.98,Daily,0,CONVERSIONS,0,0,0,0,0,0,
2021-03-15,2021-03-15,Sales Recruitment - Test 8Apr21,6235521291757,inactive,,,0,0,,Using ad set budget,0,0,Traffic,0,0,0,0,0,0,
2021-03-15,2021-03-15,Max-life-Pondy-31-Dec-20,6222462780557,inactive,,,0,0,,Using ad set budget,0,0,Lead Generation,0,0,0,0,0,0,
2021-03-15,2021-03-15,MCKLEAN-STUDIO-OWN,6107484047957,inactive,,,0,0,,Using ad set budget,0,0,Lead Generation,0,0,0,0,0,0,
2021-03-14,2021-03-14,Job: Sales Enthusiast,6235900176757,inactive,,,0,0,,74.98,Daily,0,CONVERSIONS,0,0,0,0,0,0,
2021-03-14,2021-03-14,Sales Recruitment - Test 8Apr21,6235521291757,inactive,,,0,0,,Using ad set budget,0,0,Traffic,0,0,0,0,0,0,
2021-03-14,2021-03-14,Max-life-Pondy-31-Dec-20,6222462780557,inactive,,,0,0,,Using ad set budget,0,0,Lead Generation,0,0,0,0,0,0,
2021-03-14,2021-03-14,MCKLEAN-STUDIO-OWN,6107484047957,inactive,,,0,0,,Using ad set budget,0,0,Lead Generation,0,0,0,0,0,0,
2021-03-13,2021-03-13,Job: Sales Enthusiast,6235900176757,inactive,,,0,0,,74.98,Daily,0,CONVERSIONS,0,0,0,0,0,0,
2021-03-13,2021-03-13,Sales Recruitment - Test 8Apr21,6235521291757,inactive,,,0,0,,Using ad set budget,0,0,Traffic,0,0,0,0,0,0,
2021-03-13,2021-03-13,Max-life-Pondy-31-Dec-20,6222462780557,inactive,,,0,0,,Using ad set budget,0,0,Lead Generation,0,0,0,0,0,0,
2021-03-13,2021-03-13,MCKLEAN-STUDIO-OWN,6107484047957,inactive,,,0,0,,Using ad set budget,0,0,Lead Generation,0,0,0,0,0,0,
2021-03-12,2021-03-12,Job: Sales Enthusiast,6235900176757,inactive,,,0,0,,74.98,Daily,0,CONVERSIONS,0,0,0,0,0,0,
2021-03-12,2021-03-12,Sales Recruitment - Test 8Apr21,6235521291757,inactive,,,0,0,,Using ad set budget,0,0,Traffic,0,0,0,0,0,0,
2021-03-12,2021-03-12,Max-life-Pondy-31-Dec-20,6222462780557,inactive,,,0,0,,Using ad set budget,0,0,Lead Generation,0,0,0,0,0,0,
2021-03-12,2021-03-12,MCKLEAN-STUDIO-OWN,6107484047957,inactive,,,0,0,,Using ad set budget,0,0,Lead Generation,0,0,0,0,0,0,
2021-03-11,2021-03-11,Job: Sales Enthusiast,6235900176757,inactive,,,0,0,,74.98,Daily,0,CONVERSIONS,0,0,0,0,0,0,
2021-03-11,2021-03-11,Sales Recruitment - Test 8Apr21,6235521291757,inactive,,,0,0,,Using ad set budget,0,0,Traffic,0,0,0,0,0,0,
2021-03-11,2021-03-11,Max-life-Pondy-31-Dec-20,6222462780557,inactive,,,0,0,,Using ad set budget,0,0,Lead Generation,0,0,0,0,0,0,
2021-03-11,2021-03-11,MCKLEAN-STUDIO-OWN,6107484047957,inactive,,,0,0,,Using ad set budget,0,0,Lead Generation,0,0,0,0,0,0,
2021-03-10,2021-03-10,Job: Sales Enthusiast,6235900176757,inactive,,,0,0,,74.98,Daily,0,CONVERSIONS,0,0,0,0,0,0,
2021-03-10,2021-03-10,Sales Recruitment - Test 8Apr21,6235521291757,inactive,,,0,0,,Using ad set budget,0,0,Traffic,0,0,0,0,0,0,
2021-03-10,2021-03-10,Max-life-Pondy-31-Dec-20,6222462780557,inactive,,,0,0,,Using ad set budget,0,0,Lead Generation,0,0,0,0,0,0,
2021-03-10,2021-03-10,MCKLEAN-STUDIO-OWN,6107484047957,inactive,,,0,0,,Using ad set budget,0,0,Lead Generation,0,0,0,0,0,0,
2021-03-09,2021-03-09,Job: Sales Enthusiast,6235900176757,inactive,,,0,0,,74.98,Daily,0,CONVERSIONS,0,0,0,0,0,0,
2021-03-09,2021-03-09,Sales Recruitment - Test 8Apr21,6235521291757,inactive,,,0,0,,Using ad set budget,0,0,Traffic,0,0,0,0,0,0,
2021-03-09,2021-03-09,Max-life-Pondy-31-Dec-20,6222462780557,inactive,,,0,0,,Using ad set budget,0,0,Lead Generation,0,0,0,0,0,0,
2021-03-09,2021-03-09,MCKLEAN-STUDIO-OWN,6107484047957,inactive,,,0,0,,Using ad set budget,0,0,Lead Generation,0,0,0,0,0,0,
2021-03-08,2021-03-08,Job: Sales Enthusiast,6235900176757,inactive,,,0,0,,74.98,Daily,0,CONVERSIONS,0,0,0,0,0,0,
2021-03-08,2021-03-08,Sales Recruitment - Test 8Apr21,6235521291757,inactive,,,0,0,,Using ad set budget,0,0,Traffic,0,0,0,0,0,0,
2021-03-08,2021-03-08,Max-life-Pondy-31-Dec-20,6222462780557,inactive,,,0,0,,Using ad set budget,0,0,Lead Generation,0,0,0,0,0,0,
2021-03-08,2021-03-08,MCKLEAN-STUDIO-OWN,6107484047957,inactive,,,0,0,,Using ad set budget,0,0,Lead Generation,0,0,0,0,0,0,
2021-03-07,2021-03-07,Job: Sales Enthusiast,6235900176757,inactive,,,0,0,,74.98,Daily,0,CONVERSIONS,0,0,0,0,0,0,
2021-03-07,2021-03-07,Sales Recruitment - Test 8Apr21,6235521291757,inactive,,,0,0,,Using ad set budget,0,0,Traffic,0,0,0,0,0,0,
2021-03-07,2021-03-07,Max-life-Pondy-31-Dec-20,6222462780557,inactive,,,0,0,,Using ad set budget,0,0,Lead Generation,0,0,0,0,0,0,
2021-03-07,2021-03-07,MCKLEAN-STUDIO-OWN,6107484047957,inactive,,,0,0,,Using ad set budget,0,0,Lead Generation,0,0,0,0,0,0,
2021-03-06,2021-03-06,Job: Sales Enthusiast,6235900176757,inactive,,,0,0,,74.98,Daily,0,CONVERSIONS,0,0,0,0,0,0,
2021-03-06,2021-03-06,Sales Recruitment - Test 8Apr21,6235521291757,inactive,,,0,0,,Using ad set budget,0,0,Traffic,0,0,0,0,0,0,
2021-03-06,2021-03-06,Max-life-Pondy-31-Dec-20,6222462780557,inactive,,,0,0,,Using ad set budget,0,0,Lead Generation,0,0,0,0,0,0,
2021-03-06,2021-03-06,MCKLEAN-STUDIO-OWN,6107484047957,inactive,,,0,0,,Using ad set budget,0,0,Lead Generation,0,0,0,0,0,0,
2021-03-05,2021-03-05,Job: Sales Enthusiast,6235900176757,inactive,,,0,0,,74.98,Daily,0,CONVERSIONS,0,0,0,0,0,0,
2021-03-05,2021-03-05,Sales Recruitment - Test 8Apr21,6235521291757,inactive,,,0,0,,Using ad set budget,0,0,Traffic,0,0,0,0,0,0,
2021-03-05,2021-03-05,Max-life-Pondy-31-Dec-20,6222462780557,inactive,,,0,0,,Using ad set budget,0,0,Lead Generation,0,0,0,0,0,0,
2021-03-05,2021-03-05,MCKLEAN-STUDIO-OWN,6107484047957,inactive,,,0,0,,Using ad set budget,0,0,Lead Generation,0,0,0,0,0,0,
2021-03-04,2021-03-04,Job: Sales Enthusiast,6235900176757,inactive,,,0,0,,74.98,Daily,0,CONVERSIONS,0,0,0,0,0,0,
2021-03-04,2021-03-04,Sales Recruitment - Test 8Apr21,6235521291757,inactive,,,0,0,,Using ad set budget,0,0,Traffic,0,0,0,0,0,0,
2021-03-04,2021-03-04,Max-life-Pondy-31-Dec-20,6222462780557,inactive,,,0,0,,Using ad set budget,0,0,Lead Generation,0,0,0,0,0,0,
2021-03-04,2021-03-04,MCKLEAN-STUDIO-OWN,6107484047957,inactive,,,0,0,,Using ad set budget,0,0,Lead Generation,0,0,0,0,0,0,
2021-03-03,2021-03-03,Job: Sales Enthusiast,6235900176757,inactive,,,0,0,,74.98,Daily,0,CONVERSIONS,0,0,0,0,0,0,
2021-03-03,2021-03-03,Sales Recruitment - Test 8Apr21,6235521291757,inactive,,,0,0,,Using ad set budget,0,0,Traffic,0,0,0,0,0,0,
2021-03-03,2021-03-03,Max-life-Pondy-31-Dec-20,6222462780557,inactive,,,0,0,,Using ad set budget,0,0,Lead Generation,0,0,0,0,0,0,
2021-03-03,2021-03-03,MCKLEAN-STUDIO-OWN,6107484047957,inactive,,,0,0,,Using ad set budget,0,0,Lead Generation,0,0,0,0,0,0,
2021-03-02,2021-03-02,Job: Sales Enthusiast,6235900176757,inactive,,,0,0,,74.98,Daily,0,CONVERSIONS,0,0,0,0,0,0,
2021-03-02,2021-03-02,Sales Recruitment - Test 8Apr21,6235521291757,inactive,,,0,0,,Using ad set budget,0,0,Traffic,0,0,0,0,0,0,
2021-03-02,2021-03-02,Max-life-Pondy-31-Dec-20,6222462780557,inactive,,,0,0,,Using ad set budget,0,0,Lead Generation,0,0,0,0,0,0,
2021-03-02,2021-03-02,MCKLEAN-STUDIO-OWN,6107484047957,inactive,,,0,0,,Using ad set budget,0,0,Lead Generation,0,0,0,0,0,0,
2021-03-01,2021-03-01,Job: Sales Enthusiast,6235900176757,inactive,,,0,0,,74.98,Daily,0,CONVERSIONS,0,0,0,0,0,0,
2021-03-01,2021-03-01,Sales Recruitment - Test 8Apr21,6235521291757,inactive,,,0,0,,Using ad set budget,0,0,Traffic,0,0,0,0,0,0,
2021-03-01,2021-03-01,Max-life-Pondy-31-Dec-20,6222462780557,inactive,,,0,0,,Using ad set budget,0,0,Lead Generation,0,0,0,0,0,0,
2021-03-01,2021-03-01,MCKLEAN-STUDIO-OWN,6107484047957,inactive,,,0,0,,Using ad set budget,0,0,Lead Generation,0,0,0,0,0,0,
2021-02-28,2021-02-28,Job: Sales Enthusiast,6235900176757,inactive,,,0,0,,74.98,Daily,0,CONVERSIONS,0,0,0,0,0,0,
2021-02-28,2021-02-28,Sales Recruitment - Test 8Apr21,6235521291757,inactive,,,0,0,,Using ad set budget,0,0,Traffic,0,0,0,0,0,0,
2021-02-28,2021-02-28,Max-life-Pondy-31-Dec-20,6222462780557,inactive,,,0,0,,Using ad set budget,0,0,Lead Generation,0,0,0,0,0,0,
2021-02-28,2021-02-28,MCKLEAN-STUDIO-OWN,6107484047957,inactive,,,0,0,,Using ad set budget,0,0,Lead Generation,0,0,0,0,0,0,
2021-02-27,2021-02-27,Job: Sales Enthusiast,6235900176757,inactive,,,0,0,,74.98,Daily,0,CONVERSIONS,0,0,0,0,0,0,
2021-02-27,2021-02-27,Sales Recruitment - Test 8Apr21,6235521291757,inactive,,,0,0,,Using ad set budget,0,0,Traffic,0,0,0,0,0,0,
2021-02-27,2021-02-27,Max-life-Pondy-31-Dec-20,6222462780557,inactive,,,0,0,,Using ad set budget,0,0,Lead Generation,0,0,0,0,0,0,
2021-02-27,2021-02-27,MCKLEAN-STUDIO-OWN,6107484047957,inactive,,,0,0,,Using ad set budget,0,0,Lead Generation,0,0,0,0,0,0,
2021-02-26,2021-02-26,Job: Sales Enthusiast,6235900176757,inactive,,,0,0,,74.98,Daily,0,CONVERSIONS,0,0,0,0,0,0,
2021-02-26,2021-02-26,Sales Recruitment - Test 8Apr21,6235521291757,inactive,,,0,0,,Using ad set budget,0,0,Traffic,0,0,0,0,0,0,
2021-02-26,2021-02-26,Max-life-Pondy-31-Dec-20,6222462780557,inactive,,,0,0,,Using ad set budget,0,0,Lead Generation,0,0,0,0,0,0,
2021-02-26,2021-02-26,MCKLEAN-STUDIO-OWN,6107484047957,inactive,,,0,0,,Using ad set budget,0,0,Lead Generation,0,0,0,0,0,0,
2021-02-25,2021-02-25,Job: Sales Enthusiast,6235900176757,inactive,,,0,0,,74.98,Daily,0,CONVERSIONS,0,0,0,0,0,0,
2021-02-25,2021-02-25,Sales Recruitment - Test 8Apr21,6235521291757,inactive,,,0,0,,Using ad set budget,0,0,Traffic,0,0,0,0,0,0,
2021-02-25,2021-02-25,Max-life-Pondy-31-Dec-20,6222462780557,inactive,,,0,0,,Using ad set budget,0,0,Lead Generation,0,0,0,0,0,0,
2021-02-25,2021-02-25,MCKLEAN-STUDIO-OWN,6107484047957,inactive,,,0,0,,Using ad set budget,0,0,Lead Generation,0,0,0,0,0,0,
2021-02-24,2021-02-24,Job: Sales Enthusiast,6235900176757,inactive,,,0,0,,74.98,Daily,0,CONVERSIONS,0,0,0,0,0,0,
2021-02-24,2021-02-24,Sales Recruitment - Test 8Apr21,6235521291757,inactive,,,0,0,,Using ad set budget,0,0,Traffic,0,0,0,0,0,0,
2021-02-24,2021-02-24,Max-life-Pondy-31-Dec-20,6222462780557,inactive,,,0,0,,Using ad set budget,0,0,Lead Generation,0,0,0,0,0,0,
2021-02-24,2021-02-24,MCKLEAN-STUDIO-OWN,6107484047957,inactive,,,0,0,,Using ad set budget,0,0,Lead Generation,0,0,0,0,0,0,
2021-02-23,2021-02-23,Job: Sales Enthusiast,6235900176757,inactive,,,0,0,,74.98,Daily,0,CONVERSIONS,0,0,0,0,0,0,
2021-02-23,2021-02-23,Sales Recruitment - Test 8Apr21,6235521291757,inactive,,,0,0,,Using ad set budget,0,0,Traffic,0,0,0,0,0,0,
2021-02-23,2021-02-23,Max-life-Pondy-31-Dec-20,6222462780557,inactive,,,0,0,,Using ad set budget,0,0,Lead Generation,0,0,0,0,0,0,
2021-02-23,2021-02-23,MCKLEAN-STUDIO-OWN,6107484047957,inactive,,,0,0,,Using ad set budget,0,0,Lead Generation,0,0,0,0,0,0,
2021-02-22,2021-02-22,Job: Sales Enthusiast,6235900176757,inactive,,,0,0,,74.98,Daily,0,CONVERSIONS,0,0,0,0,0,0,
2021-02-22,2021-02-22,Sales Recruitment - Test 8Apr21,6235521291757,inactive,,,0,0,,Using ad set budget,0,0,Traffic,0,0,0,0,0,0,
2021-02-22,2021-02-22,Max-life-Pondy-31-Dec-20,6222462780557,inactive,,,0,0,,Using ad set budget,0,0,Lead Generation,0,0,0,0,0,0,
2021-02-22,2021-02-22,MCKLEAN-STUDIO-OWN,6107484047957,inactive,,,0,0,,Using ad set budget,0,0,Lead Generation,0,0,0,0,0,0,
2021-02-21,2021-02-21,Job: Sales Enthusiast,6235900176757,inactive,,,0,0,,74.98,Daily,0,CONVERSIONS,0,0,0,0,0,0,
2021-02-21,2021-02-21,Sales Recruitment - Test 8Apr21,6235521291757,inactive,,,0,0,,Using ad set budget,0,0,Traffic,0,0,0,0,0,0,
2021-02-21,2021-02-21,Max-life-Pondy-31-Dec-20,6222462780557,inactive,,,0,0,,Using ad set budget,0,0,Lead Generation,0,0,0,0,0,0,
2021-02-21,2021-02-21,MCKLEAN-STUDIO-OWN,6107484047957,inactive,,,0,0,,Using ad set budget,0,0,Lead Generation,0,0,0,0,0,0,
2021-02-20,2021-02-20,Job: Sales Enthusiast,6235900176757,inactive,,,0,0,,74.98,Daily,0,CONVERSIONS,0,0,0,0,0,0,
2021-02-20,2021-02-20,Sales Recruitment - Test 8Apr21,6235521291757,inactive,,,0,0,,Using ad set budget,0,0,Traffic,0,0,0,0,0,0,
2021-02-20,2021-02-20,Max-life-Pondy-31-Dec-20,6222462780557,inactive,,,0,0,,Using ad set budget,0,0,Lead Generation,0,0,0,0,0,0,
2021-02-20,2021-02-20,MCKLEAN-STUDIO-OWN,6107484047957,inactive,,,0,0,,Using ad set budget,0,0,Lead Generation,0,0,0,0,0,0,
2021-02-19,2021-02-19,Job: Sales Enthusiast,6235900176757,inactive,,,0,0,,74.98,Daily,0,CONVERSIONS,0,0,0,0,0,0,
2021-02-19,2021-02-19,Sales Recruitment - Test 8Apr21,6235521291757,inactive,,,0,0,,Using ad set budget,0,0,Traffic,0,0,0,0,0,0,
2021-02-19,2021-02-19,Max-life-Pondy-31-Dec-20,6222462780557,inactive,,,0,0,,Using ad set budget,0,0,Lead Generation,0,0,0,0,0,0,
2021-02-19,2021-02-19,MCKLEAN-STUDIO-OWN,6107484047957,inactive,,,0,0,,Using ad set budget,0,0,Lead Generation,0,0,0,0,0,0,
2021-02-18,2021-02-18,Job: Sales Enthusiast,6235900176757,inactive,,,0,0,,74.98,Daily,0,CONVERSIONS,0,0,0,0,0,0,
2021-02-18,2021-02-18,Sales Recruitment - Test 8Apr21,6235521291757,inactive,,,0,0,,Using ad set budget,0,0,Traffic,0,0,0,0,0,0,
2021-02-18,2021-02-18,Max-life-Pondy-31-Dec-20,6222462780557,inactive,,,0,0,,Using ad set budget,0,0,Lead Generation,0,0,0,0,0,0,
2021-02-18,2021-02-18,MCKLEAN-STUDIO-OWN,6107484047957,inactive,,,0,0,,Using ad set budget,0,0,Lead Generation,0,0,0,0,0,0,
2021-02-17,2021-02-17,Job: Sales Enthusiast,6235900176757,inactive,,,0,0,,74.98,Daily,0,CONVERSIONS,0,0,0,0,0,0,
2021-02-17,2021-02-17,Sales Recruitment - Test 8Apr21,6235521291757,inactive,,,0,0,,Using ad set budget,0,0,Traffic,0,0,0,0,0,0,
2021-02-17,2021-02-17,Max-life-Pondy-31-Dec-20,6222462780557,inactive,,,0,0,,Using ad set budget,0,0,Lead Generation,0,0,0,0,0,0,
2021-02-17,2021-02-17,MCKLEAN-STUDIO-OWN,6107484047957,inactive,,,0,0,,Using ad set budget,0,0,Lead Generation,0,0,0,0,0,0,
2021-02-16,2021-02-16,Job: Sales Enthusiast,6235900176757,inactive,,,0,0,,74.98,Daily,0,CONVERSIONS,0,0,0,0,0,0,
2021-02-16,2021-02-16,Sales Recruitment - Test 8Apr21,6235521291757,inactive,,,0,0,,Using ad set budget,0,0,Traffic,0,0,0,0,0,0,
2021-02-16,2021-02-16,Max-life-Pondy-31-Dec-20,6222462780557,inactive,,,0,0,,Using ad set budget,0,0,Lead Generation,0,0,0,0,0,0,
2021-02-16,2021-02-16,MCKLEAN-STUDIO-OWN,6107484047957,inactive,,,0,0,,Using ad set budget,0,0,Lead Generation,0,0,0,0,0,0,
2021-02-15,2021-02-15,Job: Sales Enthusiast,6235900176757,inactive,,,0,0,,74.98,Daily,0,CONVERSIONS,0,0,0,0,0,0,
2021-02-15,2021-02-15,Sales Recruitment - Test 8Apr21,6235521291757,inactive,,,0,0,,Using ad set budget,0,0,Traffic,0,0,0,0,0,0,
2021-02-15,2021-02-15,Max-life-Pondy-31-Dec-20,6222462780557,inactive,,,0,0,,Using ad set budget,0,0,Lead Generation,0,0,0,0,0,0,
2021-02-15,2021-02-15,MCKLEAN-STUDIO-OWN,6107484047957,inactive,,,0,0,,Using ad set budget,0,0,Lead Generation,0,0,0,0,0,0,
2021-02-14,2021-02-14,Job: Sales Enthusiast,6235900176757,inactive,,,0,0,,74.98,Daily,0,CONVERSIONS,0,0,0,0,0,0,
2021-02-14,2021-02-14,Sales Recruitment - Test 8Apr21,6235521291757,inactive,,,0,0,,Using ad set budget,0,0,Traffic,0,0,0,0,0,0,
2021-02-14,2021-02-14,Max-life-Pondy-31-Dec-20,6222462780557,inactive,,,0,0,,Using ad set budget,0,0,Lead Generation,0,0,0,0,0,0,
2021-02-14,2021-02-14,MCKLEAN-STUDIO-OWN,6107484047957,inactive,,,0,0,,Using ad set budget,0,0,Lead Generation,0,0,0,0,0,0,
2021-02-13,2021-02-13,Job: Sales Enthusiast,6235900176757,inactive,,,0,0,,74.98,Daily,0,CONVERSIONS,0,0,0,0,0,0,
2021-02-13,2021-02-13,Sales Recruitment - Test 8Apr21,6235521291757,inactive,,,0,0,,Using ad set budget,0,0,Traffic,0,0,0,0,0,0,
2021-02-13,2021-02-13,Max-life-Pondy-31-Dec-20,6222462780557,inactive,,,0,0,,Using ad set budget,0,0,Lead Generation,0,0,0,0,0,0,
2021-02-13,2021-02-13,MCKLEAN-STUDIO-OWN,6107484047957,inactive,,,0,0,,Using ad set budget,0,0,Lead Generation,0,0,0,0,0,0,
2021-02-12,2021-02-12,Job: Sales Enthusiast,6235900176757,inactive,,,0,0,,74.98,Daily,0,CONVERSIONS,0,0,0,0,0,0,
2021-02-12,2021-02-12,Sales Recruitment - Test 8Apr21,6235521291757,inactive,,,0,0,,Using ad set budget,0,0,Traffic,0,0,0,0,0,0,
2021-02-12,2021-02-12,Max-life-Pondy-31-Dec-20,6222462780557,inactive,,,0,0,,Using ad set budget,0,0,Lead Generation,0,0,0,0,0,0,
2021-02-12,2021-02-12,MCKLEAN-STUDIO-OWN,6107484047957,inactive,,,0,0,,Using ad set budget,0,0,Lead Generation,0,0,0,0,0,0,
2021-02-11,2021-02-11,Job: Sales Enthusiast,6235900176757,inactive,,,0,0,,74.98,Daily,0,CONVERSIONS,0,0,0,0,0,0,
2021-02-11,2021-02-11,Sales Recruitment - Test 8Apr21,6235521291757,inactive,,,0,0,,Using ad set budget,0,0,Traffic,0,0,0,0,0,0,
2021-02-11,2021-02-11,Max-life-Pondy-31-Dec-20,6222462780557,inactive,,,0,0,,Using ad set budget,0,0,Lead Generation,0,0,0,0,0,0,
2021-02-11,2021-02-11,MCKLEAN-STUDIO-OWN,6107484047957,inactive,,,0,0,,Using ad set budget,0,0,Lead Generation,0,0,0,0,0,0,
2021-02-10,2021-02-10,Job: Sales Enthusiast,6235900176757,inactive,,,0,0,,74.98,Daily,0,CONVERSIONS,0,0,0,0,0,0,
2021-02-10,2021-02-10,Sales Recruitment - Test 8Apr21,6235521291757,inactive,,,0,0,,Using ad set budget,0,0,Traffic,0,0,0,0,0,0,
2021-02-10,2021-02-10,Max-life-Pondy-31-Dec-20,6222462780557,inactive,,,0,0,,Using ad set budget,0,0,Lead Generation,0,0,0,0,0,0,
2021-02-10,2021-02-10,MCKLEAN-STUDIO-OWN,6107484047957,inactive,,,0,0,,Using ad set budget,0,0,Lead Generation,0,0,0,0,0,0,
2021-02-09,2021-02-09,Job: Sales Enthusiast,6235900176757,inactive,,,0,0,,74.98,Daily,0,CONVERSIONS,0,0,0,0,0,0,
2021-02-09,2021-02-09,Sales Recruitment - Test 8Apr21,6235521291757,inactive,,,0,0,,Using ad set budget,0,0,Traffic,0,0,0,0,0,0,
2021-02-09,2021-02-09,Max-life-Pondy-31-Dec-20,6222462780557,inactive,,,0,0,,Using ad set budget,0,0,Lead Generation,0,0,0,0,0,0,
2021-02-09,2021-02-09,MCKLEAN-STUDIO-OWN,6107484047957,inactive,,,0,0,,Using ad set budget,0,0,Lead Generation,0,0,0,0,0,0,
2021-02-08,2021-02-08,Job: Sales Enthusiast,6235900176757,inactive,,,0,0,,74.98,Daily,0,CONVERSIONS,0,0,0,0,0,0,
2021-02-08,2021-02-08,Sales Recruitment - Test 8Apr21,6235521291757,inactive,,,0,0,,Using ad set budget,0,0,Traffic,0,0,0,0,0,0,
2021-02-08,2021-02-08,Max-life-Pondy-31-Dec-20,6222462780557,inactive,,,0,0,,Using ad set budget,0,0,Lead Generation,0,0,0,0,0,0,
2021-02-08,2021-02-08,MCKLEAN-STUDIO-OWN,6107484047957,inactive,,,0,0,,Using ad set budget,0,0,Lead Generation,0,0,0,0,0,0,
2021-02-07,2021-02-07,Job: Sales Enthusiast,6235900176757,inactive,,,0,0,,74.98,Daily,0,CONVERSIONS,0,0,0,0,0,0,
2021-02-07,2021-02-07,Sales Recruitment - Test 8Apr21,6235521291757,inactive,,,0,0,,Using ad set budget,0,0,Traffic,0,0,0,0,0,0,
2021-02-07,2021-02-07,Max-life-Pondy-31-Dec-20,6222462780557,inactive,,,0,0,,Using ad set budget,0,0,Lead Generation,0,0,0,0,0,0,
2021-02-07,2021-02-07,MCKLEAN-STUDIO-OWN,6107484047957,inactive,,,0,0,,Using ad set budget,0,0,Lead Generation,0,0,0,0,0,0,
2021-02-06,2021-02-06,Job: Sales Enthusiast,6235900176757,inactive,,,0,0,,74.98,Daily,0,CONVERSIONS,0,0,0,0,0,0,
2021-02-06,2021-02-06,Sales Recruitment - Test 8Apr21,6235521291757,inactive,,,0,0,,Using ad set budget,0,0,Traffic,0,0,0,0,0,0,
2021-02-06,2021-02-06,Max-life-Pondy-31-Dec-20,6222462780557,inactive,,,0,0,,Using ad set budget,0,0,Lead Generation,0,0,0,0,0,0,
2021-02-06,2021-02-06,MCKLEAN-STUDIO-OWN,6107484047957,inactive,,,0,0,,Using ad set budget,0,0,Lead Generation,0,0,0,0,0,0,
2021-02-05,2021-02-05,Job: Sales Enthusiast,6235900176757,inactive,,,0,0,,74.98,Daily,0,CONVERSIONS,0,0,0,0,0,0,
2021-02-05,2021-02-05,Sales Recruitment - Test 8Apr21,6235521291757,inactive,,,0,0,,Using ad set budget,0,0,Traffic,0,0,0,0,0,0,
2021-02-05,2021-02-05,Max-life-Pondy-31-Dec-20,6222462780557,inactive,,,0,0,,Using ad set budget,0,0,Lead Generation,0,0,0,0,0,0,
2021-02-05,2021-02-05,MCKLEAN-STUDIO-OWN,6107484047957,inactive,,,0,0,,Using ad set budget,0,0,Lead Generation,0,0,0,0,0,0,
2021-02-04,2021-02-04,Job: Sales Enthusiast,6235900176757,inactive,,,0,0,,74.98,Daily,0,CONVERSIONS,0,0,0,0,0,0,
2021-02-04,2021-02-04,Sales Recruitment - Test 8Apr21,6235521291757,inactive,,,0,0,,Using ad set budget,0,0,Traffic,0,0,0,0,0,0,
2021-02-04,2021-02-04,Max-life-Pondy-31-Dec-20,6222462780557,inactive,,,0,0,,Using ad set budget,0,0,Lead Generation,0,0,0,0,0,0,
2021-02-04,2021-02-04,MCKLEAN-STUDIO-OWN,6107484047957,inactive,,,0,0,,Using ad set budget,0,0,Lead Generation,0,0,0,0,0,0,
2021-02-03,2021-02-03,Job: Sales Enthusiast,6235900176757,inactive,,,0,0,,74.98,Daily,0,CONVERSIONS,0,0,0,0,0,0,
2021-02-03,2021-02-03,Sales Recruitment - Test 8Apr21,6235521291757,inactive,,,0,0,,Using ad set budget,0,0,Traffic,0,0,0,0,0,0,
2021-02-03,2021-02-03,Max-life-Pondy-31-Dec-20,6222462780557,inactive,,,0,0,,Using ad set budget,0,0,Lead Generation,0,0,0,0,0,0,
2021-02-03,2021-02-03,MCKLEAN-STUDIO-OWN,6107484047957,inactive,,,0,0,,Using ad set budget,0,0,Lead Generation,0,0,0,0,0,0,
2021-02-02,2021-02-02,Job: Sales Enthusiast,6235900176757,inactive,,,0,0,,74.98,Daily,0,CONVERSIONS,0,0,0,0,0,0,
2021-02-02,2021-02-02,Sales Recruitment - Test 8Apr21,6235521291757,inactive,,,0,0,,Using ad set budget,0,0,Traffic,0,0,0,0,0,0,
2021-02-02,2021-02-02,Max-life-Pondy-31-Dec-20,6222462780557,inactive,,,0,0,,Using ad set budget,0,0,Lead Generation,0,0,0,0,0,0,
2021-02-02,2021-02-02,MCKLEAN-STUDIO-OWN,6107484047957,inactive,,,0,0,,Using ad set budget,0,0,Lead Generation,0,0,0,0,0,0,
2021-02-01,2021-02-01,Job: Sales Enthusiast,6235900176757,inactive,,,0,0,,74.98,Daily,0,CONVERSIONS,0,0,0,0,0,0,
2021-02-01,2021-02-01,Sales Recruitment - Test 8Apr21,6235521291757,inactive,,,0,0,,Using ad set budget,0,0,Traffic,0,0,0,0,0,0,
2021-02-01,2021-02-01,Max-life-Pondy-31-Dec-20,6222462780557,inactive,,,0,0,,Using ad set budget,0,0,Lead Generation,0,0,0,0,0,0,
2021-02-01,2021-02-01,MCKLEAN-STUDIO-OWN,6107484047957,inactive,,,0,0,,Using ad set budget,0,0,Lead Generation,0,0,0,0,0,0,
2021-01-31,2021-01-31,Job: Sales Enthusiast,6235900176757,inactive,,,0,0,,74.98,Daily,0,CONVERSIONS,0,0,0,0,0,0,
2021-01-31,2021-01-31,Sales Recruitment - Test 8Apr21,6235521291757,inactive,,,0,0,,Using ad set budget,0,0,Traffic,0,0,0,0,0,0,
2021-01-31,2021-01-31,Max-life-Pondy-31-Dec-20,6222462780557,inactive,,,0,0,,Using ad set budget,0,0,Lead Generation,0,0,0,0,0,0,
2021-01-31,2021-01-31,MCKLEAN-STUDIO-OWN,6107484047957,inactive,,,0,0,,Using ad set budget,0,0,Lead Generation,0,0,0,0,0,0,
2021-01-30,2021-01-30,Job: Sales Enthusiast,6235900176757,inactive,,,0,0,,74.98,Daily,0,CONVERSIONS,0,0,0,0,0,0,
2021-01-30,2021-01-30,Sales Recruitment - Test 8Apr21,6235521291757,inactive,,,0,0,,Using ad set budget,0,0,Traffic,0,0,0,0,0,0,
2021-01-30,2021-01-30,Max-life-Pondy-31-Dec-20,6222462780557,inactive,,,0,0,,Using ad set budget,0,0,Lead Generation,0,0,0,0,0,0,
2021-01-30,2021-01-30,MCKLEAN-STUDIO-OWN,6107484047957,inactive,,,0,0,,Using ad set budget,0,0,Lead Generation,0,0,0,0,0,0,
2021-01-29,2021-01-29,Job: Sales Enthusiast,6235900176757,inactive,,,0,0,,74.98,Daily,0,CONVERSIONS,0,0,0,0,0,0,
2021-01-29,2021-01-29,Sales Recruitment - Test 8Apr21,6235521291757,inactive,,,0,0,,Using ad set budget,0,0,Traffic,0,0,0,0,0,0,
2021-01-29,2021-01-29,Max-life-Pondy-31-Dec-20,6222462780557,inactive,,,0,0,,Using ad set budget,0,0,Lead Generation,0,0,0,0,0,0,
2021-01-29,2021-01-29,MCKLEAN-STUDIO-OWN,6107484047957,inactive,,,0,0,,Using ad set budget,0,0,Lead Generation,0,0,0,0,0,0,
2021-01-28,2021-01-28,Job: Sales Enthusiast,6235900176757,inactive,,,0,0,,74.98,Daily,0,CONVERSIONS,0,0,0,0,0,0,
2021-01-28,2021-01-28,Sales Recruitment - Test 8Apr21,6235521291757,inactive,,,0,0,,Using ad set budget,0,0,Traffic,0,0,0,0,0,0,
2021-01-28,2021-01-28,Max-life-Pondy-31-Dec-20,6222462780557,inactive,,,0,0,,Using ad set budget,0,0,Lead Generation,0,0,0,0,0,0,
2021-01-28,2021-01-28,MCKLEAN-STUDIO-OWN,6107484047957,inactive,,,0,0,,Using ad set budget,0,0,Lead Generation,0,0,0,0,0,0,
2021-01-27,2021-01-27,Job: Sales Enthusiast,6235900176757,inactive,,,0,0,,74.98,Daily,0,CONVERSIONS,0,0,0,0,0,0,
2021-01-27,2021-01-27,Sales Recruitment - Test 8Apr21,6235521291757,inactive,,,0,0,,Using ad set budget,0,0,Traffic,0,0,0,0,0,0,
2021-01-27,2021-01-27,Max-life-Pondy-31-Dec-20,6222462780557,inactive,,,0,0,,Using ad set budget,0,0,Lead Generation,0,0,0,0,0,0,
2021-01-27,2021-01-27,MCKLEAN-STUDIO-OWN,6107484047957,inactive,,,0,0,,Using ad set budget,0,0,Lead Generation,0,0,0,0,0,0,
2021-01-26,2021-01-26,Job: Sales Enthusiast,6235900176757,inactive,,,0,0,,74.98,Daily,0,CONVERSIONS,0,0,0,0,0,0,
2021-01-26,2021-01-26,Sales Recruitment - Test 8Apr21,6235521291757,inactive,,,0,0,,Using ad set budget,0,0,Traffic,0,0,0,0,0,0,
2021-01-26,2021-01-26,Max-life-Pondy-31-Dec-20,6222462780557,inactive,,,0,0,,Using ad set budget,0,0,Lead Generation,0,0,0,0,0,0,
2021-01-26,2021-01-26,MCKLEAN-STUDIO-OWN,6107484047957,inactive,,,0,0,,Using ad set budget,0,0,Lead Generation,0,0,0,0,0,0,
2021-01-25,2021-01-25,Job: Sales Enthusiast,6235900176757,inactive,,,0,0,,74.98,Daily,0,CONVERSIONS,0,0,0,0,0,0,
2021-01-25,2021-01-25,Sales Recruitment - Test 8Apr21,6235521291757,inactive,,,0,0,,Using ad set budget,0,0,Traffic,0,0,0,0,0,0,
2021-01-25,2021-01-25,Max-life-Pondy-31-Dec-20,6222462780557,inactive,,,0,0,,Using ad set budget,0,0,Lead Generation,0,0,0,0,0,0,
2021-01-25,2021-01-25,MCKLEAN-STUDIO-OWN,6107484047957,inactive,,,0,0,,Using ad set budget,0,0,Lead Generation,0,0,0,0,0,0,
2021-01-24,2021-01-24,Job: Sales Enthusiast,6235900176757,inactive,,,0,0,,74.98,Daily,0,CONVERSIONS,0,0,0,0,0,0,
2021-01-24,2021-01-24,Sales Recruitment - Test 8Apr21,6235521291757,inactive,,,0,0,,Using ad set budget,0,0,Traffic,0,0,0,0,0,0,
2021-01-24,2021-01-24,Max-life-Pondy-31-Dec-20,6222462780557,inactive,,,0,0,,Using ad set budget,0,0,Lead Generation,0,0,0,0,0,0,
2021-01-24,2021-01-24,MCKLEAN-STUDIO-OWN,6107484047957,inactive,,,0,0,,Using ad set budget,0,0,Lead Generation,0,0,0,0,0,0,
2021-01-23,2021-01-23,Job: Sales Enthusiast,6235900176757,inactive,,,0,0,,74.98,Daily,0,CONVERSIONS,0,0,0,0,0,0,
2021-01-23,2021-01-23,Sales Recruitment - Test 8Apr21,6235521291757,inactive,,,0,0,,Using ad set budget,0,0,Traffic,0,0,0,0,0,0,
2021-01-23,2021-01-23,Max-life-Pondy-31-Dec-20,6222462780557,inactive,,,0,0,,Using ad set budget,0,0,Lead Generation,0,0,0,0,0,0,
2021-01-23,2021-01-23,MCKLEAN-STUDIO-OWN,6107484047957,inactive,,,0,0,,Using ad set budget,0,0,Lead Generation,0,0,0,0,0,0,
2021-01-22,2021-01-22,Job: Sales Enthusiast,6235900176757,inactive,,,0,0,,74.98,Daily,0,CONVERSIONS,0,0,0,0,0,0,
2021-01-22,2021-01-22,Sales Recruitment - Test 8Apr21,6235521291757,inactive,,,0,0,,Using ad set budget,0,0,Traffic,0,0,0,0,0,0,
2021-01-22,2021-01-22,Max-life-Pondy-31-Dec-20,6222462780557,inactive,,,0,0,,Using ad set budget,0,0,Lead Generation,0,0,0,0,0,0,
2021-01-22,2021-01-22,MCKLEAN-STUDIO-OWN,6107484047957,inactive,,,0,0,,Using ad set budget,0,0,Lead Generation,0,0,0,0,0,0,
2021-01-21,2021-01-21,Job: Sales Enthusiast,6235900176757,inactive,,,0,0,,74.98,Daily,0,CONVERSIONS,0,0,0,0,0,0,
2021-01-21,2021-01-21,Sales Recruitment - Test 8Apr21,6235521291757,inactive,,,0,0,,Using ad set budget,0,0,Traffic,0,0,0,0,0,0,
2021-01-21,2021-01-21,Max-life-Pondy-31-Dec-20,6222462780557,inactive,,,0,0,,Using ad set budget,0,0,Lead Generation,0,0,0,0,0,0,
2021-01-21,2021-01-21,MCKLEAN-STUDIO-OWN,6107484047957,inactive,,,0,0,,Using ad set budget,0,0,Lead Generation,0,0,0,0,0,0,
2021-01-20,2021-01-20,Job: Sales Enthusiast,6235900176757,inactive,,,0,0,,74.98,Daily,0,CONVERSIONS,0,0,0,0,0,0,
2021-01-20,2021-01-20,Sales Recruitment - Test 8Apr21,6235521291757,inactive,,,0,0,,Using ad set budget,0,0,Traffic,0,0,0,0,0,0,
2021-01-20,2021-01-20,Max-life-Pondy-31-Dec-20,6222462780557,inactive,,,0,0,,Using ad set budget,0,0,Lead Generation,0,0,0,0,0,0,
2021-01-20,2021-01-20,MCKLEAN-STUDIO-OWN,6107484047957,inactive,,,0,0,,Using ad set budget,0,0,Lead Generation,0,0,0,0,0,0,
2021-01-19,2021-01-19,Job: Sales Enthusiast,6235900176757,inactive,,,0,0,,74.98,Daily,0,CONVERSIONS,0,0,0,0,0,0,
2021-01-19,2021-01-19,Sales Recruitment - Test 8Apr21,6235521291757,inactive,,,0,0,,Using ad set budget,0,0,Traffic,0,0,0,0,0,0,
2021-01-19,2021-01-19,Max-life-Pondy-31-Dec-20,6222462780557,inactive,,,0,0,,Using ad set budget,0,0,Lead Generation,0,0,0,0,0,0,
2021-01-19,2021-01-19,MCKLEAN-STUDIO-OWN,6107484047957,inactive,,,0,0,,Using ad set budget,0,0,Lead Generation,0,0,0,0,0,0,
2021-01-18,2021-01-18,Job: Sales Enthusiast,6235900176757,inactive,,,0,0,,74.98,Daily,0,CONVERSIONS,0,0,0,0,0,0,
2021-01-18,2021-01-18,Sales Recruitment - Test 8Apr21,6235521291757,inactive,,,0,0,,Using ad set budget,0,0,Traffic,0,0,0,0,0,0,
2021-01-18,2021-01-18,Max-life-Pondy-31-Dec-20,6222462780557,inactive,,,0,0,,Using ad set budget,0,0,Lead Generation,0,0,0,0,0,0,
2021-01-18,2021-01-18,MCKLEAN-STUDIO-OWN,6107484047957,inactive,,,0,0,,Using ad set budget,0,0,Lead Generation,0,0,0,0,0,0,
2021-01-17,2021-01-17,Job: Sales Enthusiast,6235900176757,inactive,,,0,0,,74.98,Daily,0,CONVERSIONS,0,0,0,0,0,0,
2021-01-17,2021-01-17,Sales Recruitment - Test 8Apr21,6235521291757,inactive,,,0,0,,Using ad set budget,0,0,Traffic,0,0,0,0,0,0,
2021-01-17,2021-01-17,Max-life-Pondy-31-Dec-20,6222462780557,inactive,,,0,0,,Using ad set budget,0,0,Lead Generation,0,0,0,0,0,0,
2021-01-17,2021-01-17,MCKLEAN-STUDIO-OWN,6107484047957,inactive,,,0,0,,Using ad set budget,0,0,Lead Generation,0,0,0,0,0,0,
2021-01-16,2021-01-16,Job: Sales Enthusiast,6235900176757,inactive,,,0,0,,74.98,Daily,0,CONVERSIONS,0,0,0,0,0,0,
2021-01-16,2021-01-16,Sales Recruitment - Test 8Apr21,6235521291757,inactive,,,0,0,,Using ad set budget,0,0,Traffic,0,0,0,0,0,0,
2021-01-16,2021-01-16,Max-life-Pondy-31-Dec-20,6222462780557,inactive,,,0,0,,Using ad set budget,0,0,Lead Generation,0,0,0,0,0,0,
2021-01-16,2021-01-16,MCKLEAN-STUDIO-OWN,6107484047957,inactive,,,0,0,,Using ad set budget,0,0,Lead Generation,0,0,0,0,0,0,
2021-01-15,2021-01-15,Job: Sales Enthusiast,6235900176757,inactive,,,0,0,,74.98,Daily,0,CONVERSIONS,0,0,0,0,0,0,
2021-01-15,2021-01-15,Sales Recruitment - Test 8Apr21,6235521291757,inactive,,,0,0,,Using ad set budget,0,0,Traffic,0,0,0,0,0,0,
2021-01-15,2021-01-15,Max-life-Pondy-31-Dec-20,6222462780557,inactive,,,0,0,,Using ad set budget,0,0,Lead Generation,0,0,0,0,0,0,
2021-01-15,2021-01-15,MCKLEAN-STUDIO-OWN,6107484047957,inactive,,,0,0,,Using ad set budget,0,0,Lead Generation,0,0,0,0,0,0,
2021-01-14,2021-01-14,Job: Sales Enthusiast,6235900176757,inactive,,,0,0,,74.98,Daily,0,CONVERSIONS,0,0,0,0,0,0,
2021-01-14,2021-01-14,Sales Recruitment - Test 8Apr21,6235521291757,inactive,,,0,0,,Using ad set budget,0,0,Traffic,0,0,0,0,0,0,
2021-01-14,2021-01-14,Max-life-Pondy-31-Dec-20,6222462780557,inactive,,,0,0,,Using ad set budget,0,0,Lead Generation,0,0,0,0,0,0,
2021-01-14,2021-01-14,MCKLEAN-STUDIO-OWN,6107484047957,inactive,,,0,0,,Using ad set budget,0,0,Lead Generation,0,0,0,0,0,0,
2021-01-13,2021-01-13,Job: Sales Enthusiast,6235900176757,inactive,,,0,0,,74.98,Daily,0,CONVERSIONS,0,0,0,0,0,0,
2021-01-13,2021-01-13,Sales Recruitment - Test 8Apr21,6235521291757,inactive,,,0,0,,Using ad set budget,0,0,Traffic,0,0,0,0,0,0,
2021-01-13,2021-01-13,Max-life-Pondy-31-Dec-20,6222462780557,inactive,,,0,0,,Using ad set budget,0,0,Lead Generation,0,0,0,0,0,0,
2021-01-13,2021-01-13,MCKLEAN-STUDIO-OWN,6107484047957,inactive,,,0,0,,Using ad set budget,0,0,Lead Generation,0,0,0,0,0,0,
2021-01-12,2021-01-12,Job: Sales Enthusiast,6235900176757,inactive,,,0,0,,74.98,Daily,0,CONVERSIONS,0,0,0,0,0,0,
2021-01-12,2021-01-12,Sales Recruitment - Test 8Apr21,6235521291757,inactive,,,0,0,,Using ad set budget,0,0,Traffic,0,0,0,0,0,0,
2021-01-12,2021-01-12,Max-life-Pondy-31-Dec-20,6222462780557,inactive,,,0,0,,Using ad set budget,0,0,Lead Generation,0,0,0,0,0,0,
2021-01-12,2021-01-12,MCKLEAN-STUDIO-OWN,6107484047957,inactive,,,0,0,,Using ad set budget,0,0,Lead Generation,0,0,0,0,0,0,
2021-01-11,2021-01-11,Job: Sales Enthusiast,6235900176757,inactive,,,0,0,,74.98,Daily,0,CONVERSIONS,0,0,0,0,0,0,
2021-01-11,2021-01-11,Sales Recruitment - Test 8Apr21,6235521291757,inactive,,,0,0,,Using ad set budget,0,0,Traffic,0,0,0,0,0,0,
2021-01-11,2021-01-11,Max-life-Pondy-31-Dec-20,6222462780557,inactive,,,0,0,,Using ad set budget,0,0,Lead Generation,0,0,0,0,0,0,
2021-01-11,2021-01-11,MCKLEAN-STUDIO-OWN,6107484047957,inactive,,,0,0,,Using ad set budget,0,0,Lead Generation,0,0,0,0,0,0,
2021-01-10,2021-01-10,Job: Sales Enthusiast,6235900176757,inactive,,,0,0,,74.98,Daily,0,CONVERSIONS,0,0,0,0,0,0,
2021-01-10,2021-01-10,Sales Recruitment - Test 8Apr21,6235521291757,inactive,,,0,0,,Using ad set budget,0,0,Traffic,0,0,0,0,0,0,
2021-01-10,2021-01-10,Max-life-Pondy-31-Dec-20,6222462780557,inactive,,,0,0,,Using ad set budget,0,0,Lead Generation,0,0,0,0,0,0,
2021-01-10,2021-01-10,MCKLEAN-STUDIO-OWN,6107484047957,inactive,,,0,0,,Using ad set budget,0,0,Lead Generation,0,0,0,0,0,0,
2021-01-09,2021-01-09,Job: Sales Enthusiast,6235900176757,inactive,,,0,0,,74.98,Daily,0,CONVERSIONS,0,0,0,0,0,0,
2021-01-09,2021-01-09,Sales Recruitment - Test 8Apr21,6235521291757,inactive,,,0,0,,Using ad set budget,0,0,Traffic,0,0,0,0,0,0,
2021-01-09,2021-01-09,Max-life-Pondy-31-Dec-20,6222462780557,inactive,,,0,0,,Using ad set budget,0,0,Lead Generation,0,0,0,0,0,0,
2021-01-09,2021-01-09,MCKLEAN-STUDIO-OWN,6107484047957,inactive,,,0,0,,Using ad set budget,0,0,Lead Generation,0,0,0,0,0,0,
2021-01-08,2021-01-08,Job: Sales Enthusiast,6235900176757,inactive,,,0,0,,74.98,Daily,0,CONVERSIONS,0,0,0,0,0,0,
2021-01-08,2021-01-08,Sales Recruitment - Test 8Apr21,6235521291757,inactive,,,0,0,,Using ad set budget,0,0,Traffic,0,0,0,0,0,0,
2021-01-08,2021-01-08,Max-life-Pondy-31-Dec-20,6222462780557,inactive,,,0,0,,Using ad set budget,0,0,Lead Generation,0,0,0,0,0,0,
2021-01-08,2021-01-08,MCKLEAN-STUDIO-OWN,6107484047957,inactive,,,0,0,,Using ad set budget,0,0,Lead Generation,0,0,0,0,0,0,
2021-01-07,2021-01-07,Job: Sales Enthusiast,6235900176757,inactive,,,0,0,,74.98,Daily,0,CONVERSIONS,0,0,0,0,0,0,
2021-01-07,2021-01-07,Sales Recruitment - Test 8Apr21,6235521291757,inactive,,,0,0,,Using ad set budget,0,0,Traffic,0,0,0,0,0,0,
2021-01-07,2021-01-07,Max-life-Pondy-31-Dec-20,6222462780557,inactive,,,0,0,,Using ad set budget,0,0,Lead Generation,0,0,0,0,0,0,
2021-01-07,2021-01-07,MCKLEAN-STUDIO-OWN,6107484047957,inactive,,,0,0,,Using ad set budget,0,0,Lead Generation,0,0,0,0,0,0,
2021-01-06,2021-01-06,Job: Sales Enthusiast,6235900176757,inactive,,,0,0,,74.98,Daily,0,CONVERSIONS,0,0,0,0,0,0,
2021-01-06,2021-01-06,Sales Recruitment - Test 8Apr21,6235521291757,inactive,,,0,0,,Using ad set budget,0,0,Traffic,0,0,0,0,0,0,
2021-01-06,2021-01-06,Max-life-Pondy-31-Dec-20,6222462780557,inactive,,,0,0,,Using ad set budget,0,0,Lead Generation,0,0,0,0,0,0,
2021-01-06,2021-01-06,MCKLEAN-STUDIO-OWN,6107484047957,inactive,,,0,0,,Using ad set budget,0,0,Lead Generation,0,0,0,0,0,0,
2021-01-05,2021-01-05,Job: Sales Enthusiast,6235900176757,inactive,,,0,0,,74.98,Daily,0,CONVERSIONS,0,0,0,0,0,0,
2021-01-05,2021-01-05,Sales Recruitment - Test 8Apr21,6235521291757,inactive,,,0,0,,Using ad set budget,0,0,Traffic,0,0,0,0,0,0,
2021-01-05,2021-01-05,Max-life-Pondy-31-Dec-20,6222462780557,inactive,29,actions:onsite_conversion.lead_grouped,2929,3110,7.2079310344828,Using ad set budget,0,209.03,Lead Generation,1.061796,117,1.786581,3.762058,71.365654,67.212219,75
2021-01-05,2021-01-05,MCKLEAN-STUDIO-OWN,6107484047957,inactive,,,0,0,,Using ad set budget,0,0,Lead Generation,0,0,0,0,0,0,
2021-01-04,2021-01-04,Job: Sales Enthusiast,6235900176757,inactive,,,0,0,,74.98,Daily,0,CONVERSIONS,0,0,0,0,0,0,
2021-01-04,2021-01-04,Sales Recruitment - Test 8Apr21,6235521291757,inactive,,,0,0,,Using ad set budget,0,0,Traffic,0,0,0,0,0,0,
2021-01-04,2021-01-04,Max-life-Pondy-31-Dec-20,6222462780557,inactive,,,0,0,,Using ad set budget,0,0,Lead Generation,0,0,0,0,0,0,
2021-01-04,2021-01-04,MCKLEAN-STUDIO-OWN,6107484047957,inactive,,,0,0,,Using ad set budget,0,0,Lead Generation,0,0,0,0,0,0,
2021-01-03,2021-01-03,Job: Sales Enthusiast,6235900176757,inactive,,,0,0,,74.98,Daily,0,CONVERSIONS,0,0,0,0,0,0,
2021-01-03,2021-01-03,Sales Recruitment - Test 8Apr21,6235521291757,inactive,,,0,0,,Using ad set budget,0,0,Traffic,0,0,0,0,0,0,
2021-01-03,2021-01-03,Max-life-Pondy-31-Dec-20,6222462780557,inactive,,,0,0,,Using ad set budget,0,0,Lead Generation,0,0,0,0,0,0,
2021-01-03,2021-01-03,MCKLEAN-STUDIO-OWN,6107484047957,inactive,,,0,0,,Using ad set budget,0,0,Lead Generation,0,0,0,0,0,0,
2021-01-02,2021-01-02,Job: Sales Enthusiast,6235900176757,inactive,,,0,0,,74.98,Daily,0,CONVERSIONS,0,0,0,0,0,0,
2021-01-02,2021-01-02,Sales Recruitment - Test 8Apr21,6235521291757,inactive,,,0,0,,Using ad set budget,0,0,Traffic,0,0,0,0,0,0,
2021-01-02,2021-01-02,Max-life-Pondy-31-Dec-20,6222462780557,inactive,,,0,0,,Using ad set budget,0,0,Lead Generation,0,0,0,0,0,0,
2021-01-02,2021-01-02,MCKLEAN-STUDIO-OWN,6107484047957,inactive,,,0,0,,Using ad set budget,0,0,Lead Generation,0,0,0,0,0,0,
2021-01-01,2021-01-01,Job: Sales Enthusiast,6235900176757,inactive,,,0,0,,74.98,Daily,0,CONVERSIONS,0,0,0,0,0,0,
2021-01-01,2021-01-01,Sales Recruitment - Test 8Apr21,6235521291757,inactive,,,0,0,,Using ad set budget,0,0,Traffic,0,0,0,0,0,0,
2021-01-01,2021-01-01,Max-life-Pondy-31-Dec-20,6222462780557,inactive,,,0,0,,Using ad set budget,0,0,Lead Generation,0,0,0,0,0,0,
2021-01-01,2021-01-01,MCKLEAN-STUDIO-OWN,6107484047957,inactive,,,0,0,,Using ad set budget,0,0,Lead Generation,0,0,0,0,0,0,
